File Name | Path | Direct Image URL
--- | --- | ---
4THLAYER.png |  | https://drive.google.com/uc?export=view&id=1NMwGf9jcvJhVOuyDs7Y_8t14ux_sYHe3
1STLAYERORANGE.png |  | https://drive.google.com/uc?export=view&id=1YCsyifaB4SrqxG9sA7MuPZsGDblaE7BJ
1STLAYERBABYBLUE.png |  | https://drive.google.com/uc?export=view&id=1LTwxk-ChGL5_bP1uS3i-Wjb8HCkZxiMQ
1STLAYERBLUE.png |  | https://drive.google.com/uc?export=view&id=1otoJGCL29z6p_qzkabMmFBvRbJYtluAd
1STLAYERWHITE.png |  | https://drive.google.com/uc?export=view&id=1yemAEqrAUlDM5bngB7L7_l_Mwhhp0RkV
1STLAYERRED.png |  | https://drive.google.com/uc?export=view&id=1aO-nJ3RdOxCKP_1bG4OtekaRCF6UVnFh
speech buble.png |  | https://drive.google.com/uc?export=view&id=104iyXLDkU3wNQZdCT01-EIl1Q6EaCk2Y
1STLAYERYELLOW.png |  | https://drive.google.com/uc?export=view&id=1OvWTF7_cXFJYMaPMesR_P2kxdSwX1KNS
FEMALE.png |  | https://drive.google.com/uc?export=view&id=1IYMPGW5KoFOfE9MBAMpr_pHJP6c7IZUd
MALE.png |  | https://drive.google.com/uc?export=view&id=1P8NQVXa7LknPW3YepBESZRRC9v173KLQ
OPTION14BLACKRIGHT.png | RIGHTCHARACTERWIGS | https://drive.google.com/uc?export=view&id=1yWa4-mrDGPcLjWgCnZ50TDL7FDy5VoIN
OPTION14BLONDRIGHT.png | RIGHTCHARACTERWIGS | https://drive.google.com/uc?export=view&id=1DcvsyRV2ZD8SDVffxqunRCL1QkboyQ1j
OPTION14BLUERIGHT.png | RIGHTCHARACTERWIGS | https://drive.google.com/uc?export=view&id=1GLNM3B7RHD1oS2AkXqatO0CWSDHT-IHI
OPTION14BROWNRIGHT.png | RIGHTCHARACTERWIGS | https://drive.google.com/uc?export=view&id=1_8C6QJtcsITjoY0dzVvPJSBnd1d7TLRN
OPTION14GINGERRIGHT.png | RIGHTCHARACTERWIGS | https://drive.google.com/uc?export=view&id=1xWvnHTyqh2XqCtVs0l1D8aJ-vpeSvIcd
OPTION14GREENRIGHT.png | RIGHTCHARACTERWIGS | https://drive.google.com/uc?export=view&id=1Kt3b1_nWqouK-VBODq40HTxn4iWVyZ_B
OPTION14GREY_WHITERIGHT.png | RIGHTCHARACTERWIGS | https://drive.google.com/uc?export=view&id=1gOiH5zb9jTu_mvr08aX5LfW2ZWGThM9B
OPTION14PINKRIGHT.png | RIGHTCHARACTERWIGS | https://drive.google.com/uc?export=view&id=1W-u9ojp-i48qIu0-IGcGwTavHiIf71rY
OPTION14PURPLERIGHT.png | RIGHTCHARACTERWIGS | https://drive.google.com/uc?export=view&id=1HaKPgDZq6anpwnmM-CsaI1_UYCBbs64o
OPTION14REDRIGHT.png | RIGHTCHARACTERWIGS | https://drive.google.com/uc?export=view&id=1h2RD_szBVSHQZoQmB31lAZfA8XBvufYi
OPTION13BLACKRIGHT.png | RIGHTCHARACTERWIGS | https://drive.google.com/uc?export=view&id=1zergN65tlD5Zs2CZv5c5-56V6KltU6lX
OPTION13BLONDRIGHT.png | RIGHTCHARACTERWIGS | https://drive.google.com/uc?export=view&id=1bNrTWGDKHEKIdLjzJxR23QHJSrEK_6Uo
OPTION13BLUERIGHT.png | RIGHTCHARACTERWIGS | https://drive.google.com/uc?export=view&id=1ulUo8trHkD7BSyBOzaY-UL7adUsQcjEZ
OPTION13BROWNRIGHT.png | RIGHTCHARACTERWIGS | https://drive.google.com/uc?export=view&id=1y7bvWTO4yb_ecE92odFm17YKWOPlXwBd
OPTION13GINGERRIGHT.png | RIGHTCHARACTERWIGS | https://drive.google.com/uc?export=view&id=1VCmHG8e9Udyxm6Vln7MZbspfTBEC_8Al
OPTION13GREENRIGHT.png | RIGHTCHARACTERWIGS | https://drive.google.com/uc?export=view&id=1-_7Kno-MaUriBUrd3bQyzjoFN0LbItYO
OPTION13GREY_WHITERIGHT.png | RIGHTCHARACTERWIGS | https://drive.google.com/uc?export=view&id=1Pd__TMvlT8ZTVqpPdv2MbqIEyw7ZLkFn
OPTION13PINKRIGHT.png | RIGHTCHARACTERWIGS | https://drive.google.com/uc?export=view&id=1wqrqcBr9JL4BFbPy-hIB0GvmBrPYJzYT
OPTION13PURPLERIGHT.png | RIGHTCHARACTERWIGS | https://drive.google.com/uc?export=view&id=1CNNPuLu_kgFkz2FOZSvk8wm2wbA0wQRf
OPTION13REDRIGHT.png | RIGHTCHARACTERWIGS | https://drive.google.com/uc?export=view&id=1eO8O1GX9JAxNpOYtSY202F5uAd2Sz3OC
OPTION18BLACKRIGHT.png | RIGHTCHARACTERWIGS | https://drive.google.com/uc?export=view&id=1SRAliXrPcQ7NqePHCiM7t0gbUHb8BQII
OPTION18BLONDRIGHT.png | RIGHTCHARACTERWIGS | https://drive.google.com/uc?export=view&id=17IEJ6pm4lmf4lQaVvcSFAEsU7Y5DgQFn
OPTION18BLUERIGHT.png | RIGHTCHARACTERWIGS | https://drive.google.com/uc?export=view&id=1jxbp9JPevk5ZUMJku-d0Xna3yt1rHu90
OPTION18BROWNRIGHT.png | RIGHTCHARACTERWIGS | https://drive.google.com/uc?export=view&id=1Zv1pQwTM555Aw1X8ohCJOETnVTDDUqyJ
OPTION18GINGERRIGHT.png | RIGHTCHARACTERWIGS | https://drive.google.com/uc?export=view&id=1bFO7oD2jmtkdpLL_iZbPvqiW2JnopAHu
OPTION18GREENRIGHT.png | RIGHTCHARACTERWIGS | https://drive.google.com/uc?export=view&id=12LKG60ICApUd8mpTVxtmO46Otv1LjgdT
OPTION18GREY_WHITERIGHT.png | RIGHTCHARACTERWIGS | https://drive.google.com/uc?export=view&id=11gXpt0wP06LDp03-ecIjgklRBIfnh86Z
OPTION18PINKRIGHT.png | RIGHTCHARACTERWIGS | https://drive.google.com/uc?export=view&id=1zkjnu0V56FAOq2tJhVKfAqf4bQaRAncn
OPTION18PURPLERIGHT.png | RIGHTCHARACTERWIGS | https://drive.google.com/uc?export=view&id=10M-FjgS7euINyecIHohuXIe3LkNYzmaj
OPTION18REDRIGHT.png | RIGHTCHARACTERWIGS | https://drive.google.com/uc?export=view&id=1L3fzGoh3FwCAyaRXQqxsZFipyVK469JR
OPTION16BLONDRIGHT.png | RIGHTCHARACTERWIGS | https://drive.google.com/uc?export=view&id=1AUdxv7py6QNhBSAd2xxis6D5NAmaJGsu
OPTION3BLONDRIGHT.png | RIGHTCHARACTERWIGS | https://drive.google.com/uc?export=view&id=1rc2HpPIaoyOuVQ-YeGzZwpeCtxeBtTOm
OPTION16PURPLERIGHT.png | RIGHTCHARACTERWIGS | https://drive.google.com/uc?export=view&id=1V3Gg0E3QcI-oo1tFnQ6tdgSOT7Ra8BUt
OPTION16REDRIGHT.png | RIGHTCHARACTERWIGS | https://drive.google.com/uc?export=view&id=1AR-3bmblOOE__FB7FbVEetrrd58k79XG
OPTION16BLACKRIGHT.png | RIGHTCHARACTERWIGS | https://drive.google.com/uc?export=view&id=1udl5147a5yhczYYEoRP2g_NgxiEXbs52
OPTION16BLUERIGHT.png | RIGHTCHARACTERWIGS | https://drive.google.com/uc?export=view&id=1mkFCMmWfnrPIFwzT4n5Alb44vU0nRnm_
OPTION16BROWNRIGHT.png | RIGHTCHARACTERWIGS | https://drive.google.com/uc?export=view&id=1Sy19kdjHicgNALE8_EYD5iXv4KQoxi_x
OPTION16GINGERRIGHT.png | RIGHTCHARACTERWIGS | https://drive.google.com/uc?export=view&id=1o6jl8GaYw5Vs-fGvOknvccmv-RRNzgVM
OPTION16GREENRIGHT.png | RIGHTCHARACTERWIGS | https://drive.google.com/uc?export=view&id=1DBZyswpr7EPJvpoz7XgEOLHnS_PaArbk
OPTION16GREY_WHITERIGHT.png | RIGHTCHARACTERWIGS | https://drive.google.com/uc?export=view&id=1bXmzvh-BC06SFzhb4f-RWdnoW-Phng8-
OPTION16PINKRIGHT.png | RIGHTCHARACTERWIGS | https://drive.google.com/uc?export=view&id=1abGkleYlmPcPXcR5h2Y_YgXpeM9Wv4zk
OPTION15BLACKRIGHT.png | RIGHTCHARACTERWIGS | https://drive.google.com/uc?export=view&id=1Ha4_2-pQHhKbQ8k6rtX2_pWz4antwe6C
OPTION15BLONDRIGHT.png | RIGHTCHARACTERWIGS | https://drive.google.com/uc?export=view&id=1s7cMRZypLD4N-wFPL6NaGOovYaEjr7K6
OPTION15BLUERIGHT.png | RIGHTCHARACTERWIGS | https://drive.google.com/uc?export=view&id=1H8Z2mIhZ_bHD_eLKW0bNNfnb0atqBwpa
OPTION15BROWNRIGHT.png | RIGHTCHARACTERWIGS | https://drive.google.com/uc?export=view&id=1ymurUXuAkP26ioqe3loHiIBT_i-Z3qPq
OPTION15GINGERRIGHT.png | RIGHTCHARACTERWIGS | https://drive.google.com/uc?export=view&id=1YTdgwtp7Sh98MLzg-ZH6xvBkBKNELjp7
OPTION15GREENRIGHT.png | RIGHTCHARACTERWIGS | https://drive.google.com/uc?export=view&id=11467Mn6pLyMdcalkWw2G0ytAyq8umhYy
OPTION15GREY_WHITERIGHT.png | RIGHTCHARACTERWIGS | https://drive.google.com/uc?export=view&id=1Gdi_A8BLbzJqMXJ6RdJGk4HXJEFX6TFK
OPTION15PINKRIGHT.png | RIGHTCHARACTERWIGS | https://drive.google.com/uc?export=view&id=1rZ8ruBjwEKNDyXHQzSlu63kCpdrgh5HK
OPTION15PURPLERIGHT.png | RIGHTCHARACTERWIGS | https://drive.google.com/uc?export=view&id=17SkuVVADKcAyByTA2iM-hv2nC10y9l3d
OPTION15REDRIGHT.png | RIGHTCHARACTERWIGS | https://drive.google.com/uc?export=view&id=1_f4q1YJO8UWzw1E3OSWm3A4lUcXf_6Pg
OPTION19REDRIGHT.png | RIGHTCHARACTERWIGS | https://drive.google.com/uc?export=view&id=1D3B70kN2b7LBUWH1Iupw9EVsUKyiAYt7
OPTION19PURPLERIGHT.png | RIGHTCHARACTERWIGS | https://drive.google.com/uc?export=view&id=1KN__744Cl1PQUsDbeYUFfxjF8pu-vO3j
OPTION19PINKRIGHT.png | RIGHTCHARACTERWIGS | https://drive.google.com/uc?export=view&id=1kI6ecquYaXXvnL6Rn19_70BYpvxqEhmS
OPTION19GREY_WHITERIGHT.png | RIGHTCHARACTERWIGS | https://drive.google.com/uc?export=view&id=1s8CmMIUPg0dpPQyskvRNJ9uD1cYIiq5f
OPTION19BLONDRIGHT.png | RIGHTCHARACTERWIGS | https://drive.google.com/uc?export=view&id=1-KQYIA22e4gPXzMIFNZk1cFslr2EU3wR
OPTION19BLUERIGHT.png | RIGHTCHARACTERWIGS | https://drive.google.com/uc?export=view&id=1cDV8H2oye5ncZg5VP4EOSitlxOW33TOp
OPTION19BROWNRIGHT.png | RIGHTCHARACTERWIGS | https://drive.google.com/uc?export=view&id=1m3b0YBu_FVP7On3YgsU9msixddm5Dt1S
OPTION19GINGERRIGHT.png | RIGHTCHARACTERWIGS | https://drive.google.com/uc?export=view&id=1KjXdsrkvwq6U2l-W47i8ZS2dJluhoyd8
OPTION19BLACKRIGHT.png | RIGHTCHARACTERWIGS | https://drive.google.com/uc?export=view&id=1DI7P04-EnQUX9R3Gq8lPgnRqNpZXYAwl
OPTION19GREENRIGHT.png | RIGHTCHARACTERWIGS | https://drive.google.com/uc?export=view&id=1bANnRNUPk-QPcucKCDZiXQ8YZBKSjV6C
OPTION20PINKRIGHT.png | RIGHTCHARACTERWIGS | https://drive.google.com/uc?export=view&id=16e6SN9GlUk2Bvzt7QcNYXi7a5mUmWcso
OPTION20REDRIGHT.png | RIGHTCHARACTERWIGS | https://drive.google.com/uc?export=view&id=1h8c26JYc140Ogu9kwuEg8twojbCCC1-D
OPTION20GREY_WHITERIGHT.png | RIGHTCHARACTERWIGS | https://drive.google.com/uc?export=view&id=1-eo96GZX3K5hhjSmlH2tziPhN2_3oo8D
OPTION20GREENRIGHT.png | RIGHTCHARACTERWIGS | https://drive.google.com/uc?export=view&id=12rvPLJrbwh_Hm_gegtMNP2l4NGvhwNeV
OPTION20BROWNRIGHT.png | RIGHTCHARACTERWIGS | https://drive.google.com/uc?export=view&id=1Yev2f47iXe9HxgR1mhtCaBQIGWT-Y2X-
OPTION20BLUERIGHT.png | RIGHTCHARACTERWIGS | https://drive.google.com/uc?export=view&id=1btXyRqOatoGybe3WoOxpN_cpZeQ3eSrG
OPTION20BLACKRIGHT.png | RIGHTCHARACTERWIGS | https://drive.google.com/uc?export=view&id=1cmVlmHHvGcLtO7EsbNToE-7S3DzMouON
OPTION20PURPLERIGHT.png | RIGHTCHARACTERWIGS | https://drive.google.com/uc?export=view&id=1kHC5RpsI28TwL44dd6Z874s2c-QS52_z
OPTION20GINGERRIGHT.png | RIGHTCHARACTERWIGS | https://drive.google.com/uc?export=view&id=1kUAKZJi3Bk8ow8WbAJqZz7xcFVb-ugR1
OPTION20BLONDRIGHT.png | RIGHTCHARACTERWIGS | https://drive.google.com/uc?export=view&id=1vPzI9HAbtdgSFRn7cnecUeJp8Bmwy9AX
OPTION17REDRIGHT.png | RIGHTCHARACTERWIGS | https://drive.google.com/uc?export=view&id=10fdIeY48-UCp_yeFmPwafeX-WWTWVgE2
OPTION17GREY_WHITERIGHT.png | RIGHTCHARACTERWIGS | https://drive.google.com/uc?export=view&id=13g59uoiSKHunFZ9tygDq466IC0LiMjFz
OPTION17BROWNRIGHT.png | RIGHTCHARACTERWIGS | https://drive.google.com/uc?export=view&id=17OZFGv_7kK1UoxYTn8lomaPF9iz3e3Xf
OPTION17GREENRIGHT.png | RIGHTCHARACTERWIGS | https://drive.google.com/uc?export=view&id=1DdqzISw9lAc-L-Gm6GNKC500s_IBqu6A
OPTION17PINKRIGHT.png | RIGHTCHARACTERWIGS | https://drive.google.com/uc?export=view&id=1Gt2gw3aB7Llrpbylrex7PBj4SVSyx7ui
OPTION17BLUERIGHT.png | RIGHTCHARACTERWIGS | https://drive.google.com/uc?export=view&id=1Og51WFHSjoGzJ3dJJ-Uj_nhK73ben1Ea
OPTION17BLONDRIGHT.png | RIGHTCHARACTERWIGS | https://drive.google.com/uc?export=view&id=1Q-dDrvHl1hQfRBM-aBHdXzO0UlqxFfYD
OPTION17GINGERRIGHT.png | RIGHTCHARACTERWIGS | https://drive.google.com/uc?export=view&id=1R6CnQnoz6rUP-hgTAsPGfH8_B_X8rAeP
OPTION17BLACKRIGHT.png | RIGHTCHARACTERWIGS | https://drive.google.com/uc?export=view&id=1XpIX6yl9yBb45tVEhwWoMOSSIB5sx7nM
OPTION17PURPLERIGHT.png | RIGHTCHARACTERWIGS | https://drive.google.com/uc?export=view&id=1YYz2InyGi_XxYLwTHZq4jtQ14mqVJmht
OPTION12GINGERRIGHT.png | RIGHTCHARACTERWIGS | https://drive.google.com/uc?export=view&id=14JP_gBJoSV_hjVenLW5ejaYULQsJctvi
OPTION12BROWNRIGHT.png | RIGHTCHARACTERWIGS | https://drive.google.com/uc?export=view&id=18eowtSfy_DN6JpFEJrO0cWiJ6umCU6s0
OPTION12REDRIGHT.png | RIGHTCHARACTERWIGS | https://drive.google.com/uc?export=view&id=1DCQ75NqPMmwzcIJRQopEWjsUO1zYFycb
OPTION12BLUERIGHT.png | RIGHTCHARACTERWIGS | https://drive.google.com/uc?export=view&id=1M3klMP783of_XmlxYlusKLWiOTKQqtRZ
OPTION12PURPLERIGHT.png | RIGHTCHARACTERWIGS | https://drive.google.com/uc?export=view&id=1Q7fGarePc-RgFLZYjlLbe5aczB7-DAFf
OPTION11GREENRIGHT.png | RIGHTCHARACTERWIGS | https://drive.google.com/uc?export=view&id=1Rqm4Wwu6IR1yneCodqVtELPLPM1HSMMw
OPTION12PINKRIGHT.png | RIGHTCHARACTERWIGS | https://drive.google.com/uc?export=view&id=1V8YSMmfM0g-0WNaXawFe5O_9KKVnI3iz
OPTION12BLONDRIGHT.png | RIGHTCHARACTERWIGS | https://drive.google.com/uc?export=view&id=1_D9V77lC_cwtSqhBGikNWbnobqQWEFnA
OPTION12GREY_WHITERIGHT.png | RIGHTCHARACTERWIGS | https://drive.google.com/uc?export=view&id=1bd5AyXCz0z92MN5g4rN6hptE42grPviK
OPTION11REDRIGHT.png | RIGHTCHARACTERWIGS | https://drive.google.com/uc?export=view&id=1nrTT5ZGVuZ1Hec_xsN00VqpoYKPJd8AK
OPTION12GREENRIGHT.png | RIGHTCHARACTERWIGS | https://drive.google.com/uc?export=view&id=1tZbPY4-3WsbGQlPkV23FCkV5-SXZr47O
OPTION12BLACKRIGHT.png | RIGHTCHARACTERWIGS | https://drive.google.com/uc?export=view&id=1xzhs54jEf6WqKYIjC05rpQ99obVD9dnq
OPTION11PINKRIGHT.png | RIGHTCHARACTERWIGS | https://drive.google.com/uc?export=view&id=1yNl9RNthwkePu7Vejl2mZNGLxCF5ZB_d
OPTION10BLACKRIGHT.png | RIGHTCHARACTERWIGS | https://drive.google.com/uc?export=view&id=1RrKpCujCwEDx0oTBwUvgjl7sVV3LsPFl
OPTION11GINGERRIGHT.png | RIGHTCHARACTERWIGS | https://drive.google.com/uc?export=view&id=1ZEQnpiyJ9tFB0TBlL5m9UzPgr0ofPbBC
OPTION10GREENRIGHT.png | RIGHTCHARACTERWIGS | https://drive.google.com/uc?export=view&id=1_DdJV5YJ_W2-laS_e2Bt7QzIb_1avEqN
OPTION10GREY_WHITERIGHT.png | RIGHTCHARACTERWIGS | https://drive.google.com/uc?export=view&id=1dGG7ya8kDNDF-qNIiKMiaa1oC_Glat8h
OPTION10BLONDRIGHT.png | RIGHTCHARACTERWIGS | https://drive.google.com/uc?export=view&id=1j3uSPuCFUxm_6NBKwl-Uj5PVguEZmp5Y
OPTION11PURPLERIGHT.png | RIGHTCHARACTERWIGS | https://drive.google.com/uc?export=view&id=1--nmroXJl633WAE7e9GByccqd_DImCHS
OPTION10GINGERRIGHT.png | RIGHTCHARACTERWIGS | https://drive.google.com/uc?export=view&id=17H1VrOYCAb7kTNtUblJBzkhJOrCq-QIr
OPTION10BROWNRIGHT.png | RIGHTCHARACTERWIGS | https://drive.google.com/uc?export=view&id=19RgpxW4mG4DzGoA2B47bUU84GNjI1ziz
OPTION10BLUERIGHT.png | RIGHTCHARACTERWIGS | https://drive.google.com/uc?export=view&id=1SH3BXiv5vs5KHZa3Ax42frRXfY9fbPit
OPTION11BLACKRIGHT.png | RIGHTCHARACTERWIGS | https://drive.google.com/uc?export=view&id=1bw4VddX0igt0MABstxinItH9NIDsj354
OPTION11BLONDRIGHT.png | RIGHTCHARACTERWIGS | https://drive.google.com/uc?export=view&id=1c7KjRqeNp5C-RilPJqoxaWsK7qWnIfIv
OPTION10REDRIGHT.png | RIGHTCHARACTERWIGS | https://drive.google.com/uc?export=view&id=1d9Vx-m_3Me1eE9M7CuN9I7mOqvLuwL2P
OPTION10PINKRIGHT.png | RIGHTCHARACTERWIGS | https://drive.google.com/uc?export=view&id=1hx3V9if9hBD9uO8e3EratGuJJgEjkrkH
OPTION11GREY_WHITERIGHT.png | RIGHTCHARACTERWIGS | https://drive.google.com/uc?export=view&id=1hzoqVntFhOE05Frop0zFNEKx0EIzxxaz
OPTION9REDRIGHT.png | RIGHTCHARACTERWIGS | https://drive.google.com/uc?export=view&id=1rnjIFr6j7HyhytlKjM_TJtcxPy0Ap0Dx
OPTION10PURPLERIGHT.png | RIGHTCHARACTERWIGS | https://drive.google.com/uc?export=view&id=1sV7_uq_dOxt3ZSFJV7tzd21RoDYR2tuG
OPTION11BROWNRIGHT.png | RIGHTCHARACTERWIGS | https://drive.google.com/uc?export=view&id=1ucs9GW2-Ng6GagflLrnzDUgLDZ5OMgS7
OPTION11BLUERIGHT.png | RIGHTCHARACTERWIGS | https://drive.google.com/uc?export=view&id=1xqZSRwtFFif4PjgXtf3h0W7FML8PiyHa
OPTION9PINKRIGHT.png | RIGHTCHARACTERWIGS | https://drive.google.com/uc?export=view&id=1-r9F4v4OA6WXIM0mBC7b_jmHr46cVHtz
OPTION9GREY_WHITERIGHT.png | RIGHTCHARACTERWIGS | https://drive.google.com/uc?export=view&id=1AgTIadKGM-XKOEKHka8Oa8U24WzQEXWf
OPTION9PURPLERIGHT.png | RIGHTCHARACTERWIGS | https://drive.google.com/uc?export=view&id=1DsBUsD2jtFEwtUF-HffYjOwibdSYjC8c
OPTION9GINGERRIGHT.png | RIGHTCHARACTERWIGS | https://drive.google.com/uc?export=view&id=1Ejsfr8Q63UQfVGgjDcQ9DqkU6AkBLYhs
OPTION9BLACKRIGHT.png | RIGHTCHARACTERWIGS | https://drive.google.com/uc?export=view&id=1FR7hsRd_dYVNPApubbrBeAz1z144K4As
OPTION8BLUERIGHT.png | RIGHTCHARACTERWIGS | https://drive.google.com/uc?export=view&id=1GOSKzz6KxY0eZzWaIzRekt97OImcl_Br
OPTION8PURPLERIGHT.png | RIGHTCHARACTERWIGS | https://drive.google.com/uc?export=view&id=1H21h8KAStEjka4R9dKgSFTylhLuOieHx
OPTION8GINGERRIGHT.png | RIGHTCHARACTERWIGS | https://drive.google.com/uc?export=view&id=1HvU5mY8XQGDGI5vKxAc_SjREbUlfTlwa
OPTION9BLONDRIGHT.png | RIGHTCHARACTERWIGS | https://drive.google.com/uc?export=view&id=1JzOz02Dy8YkzUWstjljZkqyinPlPdm76
OPTION8BLACKRIGHT.png | RIGHTCHARACTERWIGS | https://drive.google.com/uc?export=view&id=1MAJRRRPkthQePw73rySH-KsUN7xiIT2n
OPTION9BROWNRIGHT.png | RIGHTCHARACTERWIGS | https://drive.google.com/uc?export=view&id=1f71tsuUvdZFWpbBaG7jkRzMOJbkc_VF8
OPTION9GREENRIGHT.png | RIGHTCHARACTERWIGS | https://drive.google.com/uc?export=view&id=1hwKTjwdM7D31bYd982U3KTbxLAzaJ2vi
OPTION9BLUERIGHT.png | RIGHTCHARACTERWIGS | https://drive.google.com/uc?export=view&id=1oDZQc9XYusHqmstnm749UW2Uza7Rh4kQ
OPTION8PINKRIGHT.png | RIGHTCHARACTERWIGS | https://drive.google.com/uc?export=view&id=1ryd_53NxhpTAakXBKosCITev4ZHYiR0k
OPTION8GREENRIGHT.png | RIGHTCHARACTERWIGS | https://drive.google.com/uc?export=view&id=1yMSjSy99ubgZO-y3w2fabIhn7sLaH_Ty
OPTION8REDRIGHT.png | RIGHTCHARACTERWIGS | https://drive.google.com/uc?export=view&id=1zrgeo0iU-kHO0s3ysdKMD-0npHMTB9rY
OPTION8BLONDRIGHT.png | RIGHTCHARACTERWIGS | https://drive.google.com/uc?export=view&id=10Hnx4aXicyr5Sp8a_bUzx8sSMEemayRd
OPTION7BLONDRIGHT.png | RIGHTCHARACTERWIGS | https://drive.google.com/uc?export=view&id=12hFhxMdA8a5XzIGYR8Y6LDnELPETbLBR
OPTION6PINKRIGHT.png | RIGHTCHARACTERWIGS | https://drive.google.com/uc?export=view&id=13skXTkb3e-GMiwY216YoPe2PRtcRI0Nb
OPTION7GINGERRIGHT.png | RIGHTCHARACTERWIGS | https://drive.google.com/uc?export=view&id=15D6x7WAdnAETnqKAQXSdedqBAexISpPh
OPTION7BLACKRIGHT.png | RIGHTCHARACTERWIGS | https://drive.google.com/uc?export=view&id=1AFXxQzhg5FdSN1ltJTXWLqemo4KIhhzO
OPTION7BLUERIGHT.png | RIGHTCHARACTERWIGS | https://drive.google.com/uc?export=view&id=1F5ezcr-VZuVgj-wSj9S4QfJPiZxzM0NR
OPTION8BROWNRIGHT.png | RIGHTCHARACTERWIGS | https://drive.google.com/uc?export=view&id=1FieFGTL8QcngJZa0sgpfMbI_2AowhF6h
OPTION6GINGERRIGHT.png | RIGHTCHARACTERWIGS | https://drive.google.com/uc?export=view&id=1G0ZiN4eoxvdHddjneqpW_IyBvKhQQnv-
OPTION6PURPLERIGHT.png | RIGHTCHARACTERWIGS | https://drive.google.com/uc?export=view&id=1GN-g6ODe64PkhO71e4OUZ2d1LHvWpHCr
OPTION7REDRIGHT.png | RIGHTCHARACTERWIGS | https://drive.google.com/uc?export=view&id=1MHRVk8R0whNEppOV8iuaKgSeTNrtAZxI
OPTION6REDRIGHT.png | RIGHTCHARACTERWIGS | https://drive.google.com/uc?export=view&id=1ObbjRzbej2u3VYfJUt0nDebYJzsFnP_W
OPTION8GREY_WHITERIGHT.png | RIGHTCHARACTERWIGS | https://drive.google.com/uc?export=view&id=1UUi1tPZWkdvN-EZhpdP0paQQHnzAEBtX
OPTION7GREY_WHITERIGHT.png | RIGHTCHARACTERWIGS | https://drive.google.com/uc?export=view&id=1WhhZPPhBdu7mOiSFrim1gg_k5jBxbUoF
OPTION6BLUERIGHT.png | RIGHTCHARACTERWIGS | https://drive.google.com/uc?export=view&id=1b8iJM0hI1ahbrlXK5_HwU2sbUvZJFJHx
OPTION7PINKRIGHT.png | RIGHTCHARACTERWIGS | https://drive.google.com/uc?export=view&id=1bteJ1UwvE0Hlm3tY-DSKQidPyi8eBh7y
OPTION7GREENRIGHT.png | RIGHTCHARACTERWIGS | https://drive.google.com/uc?export=view&id=1nkny86Rn6ibfoUWYOBoMzeJMowo8YTgl
OPTION7BROWNRIGHT.png | RIGHTCHARACTERWIGS | https://drive.google.com/uc?export=view&id=1oFevkkSwPTWISjyLk3ExmCdgIaZJ3fa9
OPTION6GREENRIGHT.png | RIGHTCHARACTERWIGS | https://drive.google.com/uc?export=view&id=1oj6tXIfmLvxSW8mZhD3j6kFPNtbnFNje
OPTION7PURPLERIGHT.png | RIGHTCHARACTERWIGS | https://drive.google.com/uc?export=view&id=1rZArvPMQtJbG609Ue6tCaTfWfNq_74MK
OPTION5BLACKRIGHT.png | RIGHTCHARACTERWIGS | https://drive.google.com/uc?export=view&id=1-J9TCdsLFSDUykhWKmDbKUpkq03w_Zl8
OPTION6BLACKRIGHT.png | RIGHTCHARACTERWIGS | https://drive.google.com/uc?export=view&id=11-pt_gs566hnvhyZbv3HqhbfXgDZXmJo
OPTION6GREY_WHITERIGHT.png | RIGHTCHARACTERWIGS | https://drive.google.com/uc?export=view&id=14mGGZ61IOXrPMTjbMi5X8S_GJ2ozPoCK
OPTION5GINGERRIGHT.png | RIGHTCHARACTERWIGS | https://drive.google.com/uc?export=view&id=15tk2jLCj2WAjG1yJldHcqFBoH_gFMLAn
OPTION6BLONDRIGHT.png | RIGHTCHARACTERWIGS | https://drive.google.com/uc?export=view&id=16S614JlyK16buWQ7-wWqLFrWUj79Vhv1
OPTION5PINKRIGHT.png | RIGHTCHARACTERWIGS | https://drive.google.com/uc?export=view&id=19qlluv3xqny20tg-leZTtAi8yUgpNGDg
OPTION5GREY_WHITERIGHT.png | RIGHTCHARACTERWIGS | https://drive.google.com/uc?export=view&id=1BSuVIiYACOIL82wPIQin7oeHX9X4Sceo
OPTION5REDRIGHT.png | RIGHTCHARACTERWIGS | https://drive.google.com/uc?export=view&id=1FQ2FyH4wM39aY7BwfCPgPN8RR6Q3m0jK
OPTION4PINKRIGHT.png | RIGHTCHARACTERWIGS | https://drive.google.com/uc?export=view&id=1Ha6n71pLgGXiy-cenyKAnP58lfO_IFwz
OPTION5GREENRIGHT.png | RIGHTCHARACTERWIGS | https://drive.google.com/uc?export=view&id=1NqE06QtXx-m-ceUWbdUYlu3wuOC93tOW
OPTION5BLUERIGHT.png | RIGHTCHARACTERWIGS | https://drive.google.com/uc?export=view&id=1TLdLgSjrFN-cKwpTIQ-fG-RCf0HAgYFM
OPTION5PURPLERIGHT.png | RIGHTCHARACTERWIGS | https://drive.google.com/uc?export=view&id=1_luiLEwsdADsR_Wkn_XprbQY7rUFT0rM
OPTION4REDRIGHT.png | RIGHTCHARACTERWIGS | https://drive.google.com/uc?export=view&id=1hfwtCTLLiGjcQEkaLd7Kuv0lZqxlCKjD
OPTION5BLONDRIGHT.png | RIGHTCHARACTERWIGS | https://drive.google.com/uc?export=view&id=1r6fmyCFiOOham6ytNz8KuVczRlZA7EeD
OPTION5BROWNRIGHT.png | RIGHTCHARACTERWIGS | https://drive.google.com/uc?export=view&id=1vp-50947mIJCcfjNB4rPJAk46_WlRtuP
OPTION6BROWNRIGHT.png | RIGHTCHARACTERWIGS | https://drive.google.com/uc?export=view&id=1zr7lsYBUlW4F-RH_zHTc0jRG_G_depoD
OPTION4PURPLERIGHT.png | RIGHTCHARACTERWIGS | https://drive.google.com/uc?export=view&id=1-GyhS602VlvQuk9PYqz1N7oWKWLyqFLZ
OPTION3BLUERIGHT.png | RIGHTCHARACTERWIGS | https://drive.google.com/uc?export=view&id=10DBV1uEF9iSyTiMG0zVFdNcwr_7wrNcf
OPTION4GREY_WHITERIGHT.png | RIGHTCHARACTERWIGS | https://drive.google.com/uc?export=view&id=15JpJ55VXtzXHRUn1azQPQtvmQrubfgVU
OPTION3BLACKRIGHT.png | RIGHTCHARACTERWIGS | https://drive.google.com/uc?export=view&id=16Vch7mL0_WKoFH_2QrDzz8AyuFrcKWWa
OPTION4GINGERRIGHT.png | RIGHTCHARACTERWIGS | https://drive.google.com/uc?export=view&id=1783t2eAC2Ws-KCJTkfiPtCLvz-SY4E_6
OPTION3GREENRIGHT.png | RIGHTCHARACTERWIGS | https://drive.google.com/uc?export=view&id=17SMPLz-JatmQinGgJFWIdicnpvFFOfm3
OPTION4BROWNRIGHT.png | RIGHTCHARACTERWIGS | https://drive.google.com/uc?export=view&id=1BMhnR4Kat0qk_sigh9rhS4i6e7UyPzCO
OPTION4BLACKRIGHT.png | RIGHTCHARACTERWIGS | https://drive.google.com/uc?export=view&id=1Ivn9HygPNPGU-i76iA4Oehr53cpIXnYT
OPTION3PINKRIGHT.png | RIGHTCHARACTERWIGS | https://drive.google.com/uc?export=view&id=1Jgnep60BCEKPWmmD-a4aylzhzCMQDT3r
OPTION3BROWNRIGHT.png | RIGHTCHARACTERWIGS | https://drive.google.com/uc?export=view&id=1K2yuH0vGvly-B4OUiojKE0WFyAH0XIKh
OPTION3GINGERRIGHT.png | RIGHTCHARACTERWIGS | https://drive.google.com/uc?export=view&id=1RlPXWFwq32XqjC3fvOQdrqNAHLjGC3xm
OPTION4BLONDRIGHT.png | RIGHTCHARACTERWIGS | https://drive.google.com/uc?export=view&id=1VI0C4O5XLTIX8TnMTZ4JvAMJkh20KqcA
OPTION3REDRIGHT.png | RIGHTCHARACTERWIGS | https://drive.google.com/uc?export=view&id=1W_YTtGvkd4ckZhNAFw_e4RC-thS8ECdI
OPTION4BLUERIGHT.png | RIGHTCHARACTERWIGS | https://drive.google.com/uc?export=view&id=1g9FDt9myWqsEGZnedt0UQ5XcLaMVxrp_
OPTION4GREENRIGHT.png | RIGHTCHARACTERWIGS | https://drive.google.com/uc?export=view&id=1lTK-BwdMIU2RSSR8aFsNtnETRoE9Xnqe
OPTION3GREY_WHITERIGHT.png | RIGHTCHARACTERWIGS | https://drive.google.com/uc?export=view&id=1qhWVcFBBE2BKLNmcEPxjSoxw1lHQm6XI
OPTION3PURPLERIGHT.png | RIGHTCHARACTERWIGS | https://drive.google.com/uc?export=view&id=1uOPik1v8-lZka1gT4hw4QIaLbt2DR4Px
OPTION1BLUERIGHT.png | RIGHTCHARACTERWIGS | https://drive.google.com/uc?export=view&id=1-yRbv4IXgE4Ku0hctI5hiAjgiwaOFiQz
OPTION1BROWNRIGHT.png | RIGHTCHARACTERWIGS | https://drive.google.com/uc?export=view&id=12usJAIMQYomhVLyAFHZ7qrrvvFg1HiQR
OPTION1PURPLERIGHT.png | RIGHTCHARACTERWIGS | https://drive.google.com/uc?export=view&id=144c61flFH-PZwcVWXaONtTAYzyZ921Mt
OPTION2GREENRIGHT.png | RIGHTCHARACTERWIGS | https://drive.google.com/uc?export=view&id=1FuYAHJ4YdxBexuGcrbERr9cuzI00U-5U
OPTION2BLUERIGHT.png | RIGHTCHARACTERWIGS | https://drive.google.com/uc?export=view&id=1GYZALZnGG6brJh8dasF-AwxVyjVzwfP6
OPTION2PURPLERIGHT.png | RIGHTCHARACTERWIGS | https://drive.google.com/uc?export=view&id=1MzR4AUVNeZItEG2nYdCQ2P-wURlEa_3B
OPTION1BLACKRIGHT.png | RIGHTCHARACTERWIGS | https://drive.google.com/uc?export=view&id=1O2R3f1sjX7wxkDMhlTp9s_OIl24pc5se
OPTION2REDRIGHT.png | RIGHTCHARACTERWIGS | https://drive.google.com/uc?export=view&id=1Pvomc3FEff022tUi4RobJZkVFgjiRlsO
OPTION1GINGERRIGHT.png | RIGHTCHARACTERWIGS | https://drive.google.com/uc?export=view&id=1TtsFaDS5IRzc4sT2ttKd-AWsOboq-GE9
OPTION1REDRIGHT.png | RIGHTCHARACTERWIGS | https://drive.google.com/uc?export=view&id=1Verfk_gvuoMRDiZ2_ncw_JM29bsIo-Kd
OPTION2BLACKRIGHT.png | RIGHTCHARACTERWIGS | https://drive.google.com/uc?export=view&id=1X-YM2L63g1QtY34p7bCx52Dj8FNFUHjn
OPTION2BLONDRIGHT.png | RIGHTCHARACTERWIGS | https://drive.google.com/uc?export=view&id=1_iBSTkRaea8plfBUynzT7vwsOGHdklmS
OPTION2GINGERRIGHT.png | RIGHTCHARACTERWIGS | https://drive.google.com/uc?export=view&id=1ahHyLK49wOSMFHejAkJQ77qlWojJAmWG
OPTION1GREENRIGHT.png | RIGHTCHARACTERWIGS | https://drive.google.com/uc?export=view&id=1gvXvf86exHIgWE-B0dhzqJ-V6Z48N9jH
OPTION2PINKRIGHT.png | RIGHTCHARACTERWIGS | https://drive.google.com/uc?export=view&id=1iZ7psme_5mZfE6dvH9PI3zcO3yr8LlJv
OPTION1GREY_WHITERIGHT.png | RIGHTCHARACTERWIGS | https://drive.google.com/uc?export=view&id=1pqpOr3P6KF3IEDF200-YlneroM81BnjI
OPTION2GREY_WHITERIGHT.png | RIGHTCHARACTERWIGS | https://drive.google.com/uc?export=view&id=1sAB3OHhLkLwvK2i0QrziRsfYjv-l3Qsn
OPTION1PINKRIGHT.png | RIGHTCHARACTERWIGS | https://drive.google.com/uc?export=view&id=1vxVHYQRofKTkmYFLG_cU3xbiUDbZqM-e
OPTION2BROWNRIGHT.png | RIGHTCHARACTERWIGS | https://drive.google.com/uc?export=view&id=1yeW5HN-8MGMUM0AzaQLm2dQbtS5WiZ4J
OPTION1BLONDRIGHT.png | RIGHTCHARACTERWIGS | https://drive.google.com/uc?export=view&id=1DOryNtGiRwIGWMEKhjJdO8t0MS0LbAiG
FEMALEBLACKRIGHTBLUE.png | RIGHTFACES | https://drive.google.com/uc?export=view&id=17bBdKU37kz1xmexSNd9oZsu_7AZbrNKU
FEMALEBLACKRIGHTBROWN.png | RIGHTFACES | https://drive.google.com/uc?export=view&id=1WbwNnWf-Y9LDc2M-7EymMBVeXhIvQYRS
FEMALEBLACKRIGHTGREEN.png | RIGHTFACES | https://drive.google.com/uc?export=view&id=1tinqLy4zVq67tFq0SYSpSEQvEyg00LVA
FEMALEWHITERIGHTBLUE.png | RIGHTFACES | https://drive.google.com/uc?export=view&id=1b25kJX0a6ypY2-l2DwYuRjn255ptHGfT
FEMALEWHITERIGHTBROWN.png | RIGHTFACES | https://drive.google.com/uc?export=view&id=16pQmzv2DO38RKDrI6M-wfOXqztchQwT4
FEMALEWHITERIGHTGREEN.png | RIGHTFACES | https://drive.google.com/uc?export=view&id=1OKF1WwurnxEMnEGIaxy7ADGAL4_Lz20E
MALEBLACKRIGHTBLUE.png | RIGHTFACES | https://drive.google.com/uc?export=view&id=1KIVlv3MuuI4a6Hs0aM3kd4zbREsV0f8Z
MALEBLACKRIGHTBROWN.png | RIGHTFACES | https://drive.google.com/uc?export=view&id=1OOuMBUhkIXhBYEto8KpuoL9hgJ6TJfhb
MALEBLACKRIGHTGREEN.png | RIGHTFACES | https://drive.google.com/uc?export=view&id=1JngOyln8rY2zDbnO54-9HhhkWfKb41l3
MALEWHITERIGHTBLUE.png | RIGHTFACES | https://drive.google.com/uc?export=view&id=1OjAaRaV3sVGinX2zBt3jzd5M-WyNX6pU
MALEWHITERIGHTBROWN.png | RIGHTFACES | https://drive.google.com/uc?export=view&id=1jh3_Ri3ikeS5jCN5lP8xxEJh5AR5pIEN
MALEWHITERIGHTGREEN.png | RIGHTFACES | https://drive.google.com/uc?export=view&id=1SborFfPhKYBe3pdPIAHsiKf612yfYC5k
OPTION3BLUERIGHT.png | RIGHTFACIALHAIR | https://drive.google.com/uc?export=view&id=11_pjscVewpM9ru3S3vDyMkKwv-97iZDZ
OPTION2PURPLERIGHT.png | RIGHTFACIALHAIR | https://drive.google.com/uc?export=view&id=11pVR1rVZctpYgDPdNIOSGa5Jd1acc1Gj
OPTION3GREENRIGHT.png | RIGHTFACIALHAIR | https://drive.google.com/uc?export=view&id=13cSXs2W_3QA8YSDJuZPv8WLFKurTzlow
OPTION2GREY_WHITERIGHT.png | RIGHTFACIALHAIR | https://drive.google.com/uc?export=view&id=1Ljb97ozorf7Af2RQg1QDu22iVEsKsXXV
OPTION2REDRIGHT.png | RIGHTFACIALHAIR | https://drive.google.com/uc?export=view&id=1Mq0icIOTZMQ9f2s10G_DChinYD4uKoP0
OPTION3PURPLERIGHT.png | RIGHTFACIALHAIR | https://drive.google.com/uc?export=view&id=1PFjrWFRLXGTmoBVp8LWBb6_xYVUNk_CS
OPTION3PINKRIGHT.png | RIGHTFACIALHAIR | https://drive.google.com/uc?export=view&id=1Vfyq_SStfyB_z-jIWYpQ3x6jes6B6aF0
OPTION2BLUERIGHT.png | RIGHTFACIALHAIR | https://drive.google.com/uc?export=view&id=1a2NERUpy-5veaRJXjxi49Z_bo7ztJHGL
OPTION2BROWNRIGHT.png | RIGHTFACIALHAIR | https://drive.google.com/uc?export=view&id=1fYRA2DTy6-grgc0moLgIUpl_FiIwQHnS
OPTION2GREENRIGHT.png | RIGHTFACIALHAIR | https://drive.google.com/uc?export=view&id=1jGhYHx0PGAHNMVwaxTjyL3UQnQy-WUO6
OPTION2PINKRIGHT.png | RIGHTFACIALHAIR | https://drive.google.com/uc?export=view&id=1jjcpKWekmGDdI0G8igKQVPkYhg2hDCPt
OPTION2BLACKRIGHT.png | RIGHTFACIALHAIR | https://drive.google.com/uc?export=view&id=1mYKFa-7v1LheuoAnZ0TMMIIC7ejO0tUY
OPTION2BLONDRIGHT.png | RIGHTFACIALHAIR | https://drive.google.com/uc?export=view&id=1mqY1Ud1SkSMWSFS2yD2pHyMd6r5WNzyZ
OPTION3REDRIGHT.png | RIGHTFACIALHAIR | https://drive.google.com/uc?export=view&id=1pOGMsyZS-UKzB4rUcIYwL4G8-mUTlMhv
OPTION2GINGERRIGHT.png | RIGHTFACIALHAIR | https://drive.google.com/uc?export=view&id=1rvpP5zAR66U5jRnJTG5A46eshsRhq50Q
OPTION3GINGERRIGHT.png | RIGHTFACIALHAIR | https://drive.google.com/uc?export=view&id=1w7UsY6D2mROzV9nQA6Goy8CzdBr-_oR5
OPTION1GREENRIGHT.png | RIGHTFACIALHAIR | https://drive.google.com/uc?export=view&id=13cF5VbPoJGG5BdtgtfdH16tc4Ufnr6xq
OPTION1PINKRIGHT.png | RIGHTFACIALHAIR | https://drive.google.com/uc?export=view&id=17YF-h_RuLT9eFKfV2gLXDTl7BeJm4toA
OPTION3GREY_WHITERIGHT.png | RIGHTFACIALHAIR | https://drive.google.com/uc?export=view&id=1C72dDDFytgdTYu4L2BkA0KUSrNKSpC7E
OPTION3BLONDRIGHT.png | RIGHTFACIALHAIR | https://drive.google.com/uc?export=view&id=1D8sRwrL3CL1Xe3kbT63o7oyl0QeC7375
OPTION1BLACKRIGHT.png | RIGHTFACIALHAIR | https://drive.google.com/uc?export=view&id=1E3a9Iy7jUUK1XwUNrOGPoJiIc1ofjkjQ
OPTION4BLONDRIGHT.png | RIGHTFACIALHAIR | https://drive.google.com/uc?export=view&id=1Fn0bazb865WK8mSFw3ySQadtEBWR_SCE
OPTION1PURPLERIGHT.png | RIGHTFACIALHAIR | https://drive.google.com/uc?export=view&id=1H16CDEHO0Lbftc9koQR1H6Zu-5QZeka_
OPTION4BLACKRIGHT.png | RIGHTFACIALHAIR | https://drive.google.com/uc?export=view&id=1Hw9c9DKPtmye-Tb-AH9-CAUI904xJUPf
OPTION1GINGERRIGHT.png | RIGHTFACIALHAIR | https://drive.google.com/uc?export=view&id=1I3JWg26SJkekqrJDoJrYkulYHtNjjKe8
OPTION1BROWNRIGHT.png | RIGHTFACIALHAIR | https://drive.google.com/uc?export=view&id=1Ny-gUzAIz9AEHDPU4CIPGoZUae3rc7Yz
OPTION4GREY_WHITERIGHT.png | RIGHTFACIALHAIR | https://drive.google.com/uc?export=view&id=1OjCcRpa4NfC4tbpYrbq9Eig-sX7rU7Ep
OPTION3BROWNRIGHT.png | RIGHTFACIALHAIR | https://drive.google.com/uc?export=view&id=1Rt7rFRrLNxZ_sjujOIAwFyaCWGLKeWY4
OPTION1REDRIGHT.png | RIGHTFACIALHAIR | https://drive.google.com/uc?export=view&id=1T7xHTOu5J1ku1-IF7K9gy9Vz7uAFPsn-
OPTION1BLONDRIGHT.png | RIGHTFACIALHAIR | https://drive.google.com/uc?export=view&id=1Vbsjnbd6esq-GOComZLmbvQ5iM6LDk41
OPTION1BLUERIGHT.png | RIGHTFACIALHAIR | https://drive.google.com/uc?export=view&id=1Vdd57AfLDQN96Ecofn5gDq96xzftrnP6
OPTION4BROWNRIGHT.png | RIGHTFACIALHAIR | https://drive.google.com/uc?export=view&id=1bYosgvI2LmfDaySueNwKEalsDQTW7TEN
OPTION4PINKRIGHT.png | RIGHTFACIALHAIR | https://drive.google.com/uc?export=view&id=1cd4BcbO_EDJOOsztX15vslwxmqBVGGo2
OPTION1GREY_WHITERIGHT.png | RIGHTFACIALHAIR | https://drive.google.com/uc?export=view&id=1fhJCUcnvkEBidGnR0F9S5IueGRB9RnML
OPTION3BLACKRIGHT.png | RIGHTFACIALHAIR | https://drive.google.com/uc?export=view&id=1h2nBFACi3nEu8e6twMup0rFFRbWHM9S
OPTION4GREENRIGHT.png | RIGHTFACIALHAIR | https://drive.google.com/uc?export=view&id=1mqbMPsKYrIgcPrTnVmC3onyEbAjB5VXx
OPTION4REDRIGHT.png | RIGHTFACIALHAIR | https://drive.google.com/uc?export=view&id=1n6NZdtOpFiaRT5ZONEj-cRtKapgyF6mv
OPTION4GINGERRIGHT.png | RIGHTFACIALHAIR | https://drive.google.com/uc?export=view&id=1qUtj6aPSjSf4wysexr_t7lfvrDIZK6yr
OPTION4PURPLERIGHT.png | RIGHTFACIALHAIR | https://drive.google.com/uc?export=view&id=1uR-59OI1ytxi6zxqVPlUg1XIMhNySCRo
OPTION4BLUERIGHT.png | RIGHTFACIALHAIR | https://drive.google.com/uc?export=view&id=1vfBAdW6vYhHMU6e6Dh0LgvoMA5TFazr7
WHITERIGHTCharacterApparel35.png | RIGHTCharacterApparel | https://drive.google.com/uc?export=view&id=1SzHOrk_srCuGvPJtg23HwHyXVuCtt1Li
BLACKRIGHTCharacterApparel35.png | RIGHTCharacterApparel | https://drive.google.com/uc?export=view&id=1krqiXvhy2fJMMVqGiSjoGtCG8NspqRRI
BLACKRIGHTCharacterApparel34.png | RIGHTCharacterApparel | https://drive.google.com/uc?export=view&id=1MK7hPzAAkRaAJ4_VzbvPI4YznsEHag5K
WHITERIGHTCharacterApparel34.png | RIGHTCharacterApparel | https://drive.google.com/uc?export=view&id=14sUGv8aRKDSpCmVSEdQo3wUq-fZHPKKx
BLACKRIGHTCharacterApparel28.png | RIGHTCharacterApparel | https://drive.google.com/uc?export=view&id=1aksfNxqPTkGiOhvEj_yqhPddup2ZEZ8z
WHITERIGHTCharacterApparel28.png | RIGHTCharacterApparel | https://drive.google.com/uc?export=view&id=1Xjye2Z7c7owdq_7cCm87QH_1dM1rwrhu
WHITERIGHTCharacterApparel33.png | RIGHTCharacterApparel | https://drive.google.com/uc?export=view&id=1DYGha-UH0fua1-0v9GPX8ehnApS-HCx1
BLACKRIGHTCharacterApparel33.png | RIGHTCharacterApparel | https://drive.google.com/uc?export=view&id=1IHKOeRDdtnBkyvV_BSZ8_4w8047mqr4g
BLACKRIGHTCharacterApparel32.png | RIGHTCharacterApparel | https://drive.google.com/uc?export=view&id=1ZVe4rENeNrFVeMHJ5BsIRboNGrZraNG-
WHITERIGHTCharacterApparel32.png | RIGHTCharacterApparel | https://drive.google.com/uc?export=view&id=1rqS-Hffev5tyGmpasG7y24ZRJYus3Foq
WHITERIGHTCharacterApparel31.png | RIGHTCharacterApparel | https://drive.google.com/uc?export=view&id=1x7mimhXnTtxktZVBJ76zZyXH7L21tjte
BLACKRIGHTCharacterApparel31.png | RIGHTCharacterApparel | https://drive.google.com/uc?export=view&id=1mgWs5ZdZqtst_7IYJMzySyut9UQW96DR
BLACKRIGHTCharacterApparel29.png | RIGHTCharacterApparel | https://drive.google.com/uc?export=view&id=18ZOlsE4V5VlNdorv2swh7fX_jqRkFTsC
WHITERIGHTCharacterApparel29.png | RIGHTCharacterApparel | https://drive.google.com/uc?export=view&id=1LCh7Z5SKAHD4nWWlojbFkCD85_LoeQ2w
BLACKRIGHTCharacterApparel30.png | RIGHTCharacterApparel | https://drive.google.com/uc?export=view&id=1CG29SqkydYlG38HGjmIJaSuJ_fFD6WN2
WHITERIGHTCharacterApparel30.png | RIGHTCharacterApparel | https://drive.google.com/uc?export=view&id=1kG34G3ONCETrV1fu5NvMT9kjFs_X_R3a
BLACKRIGHTCharacterApparel23.png | RIGHTCharacterApparel | https://drive.google.com/uc?export=view&id=1V6CoObCoMYOFX8OOvjHea5qFbJ37cJfH
BLACKRIGHTCharacterApparel16.png | RIGHTCharacterApparel | https://drive.google.com/uc?export=view&id=10ZQ2jlo3-aPXXGIxqg0nnswn0-GwnC4_
BLACKRIGHTCharacterApparel17.png | RIGHTCharacterApparel | https://drive.google.com/uc?export=view&id=1vRCGHzD8KBCsD2eM-wgRfU-2_HmuWhEJ
BLACKRIGHTCharacterApparel18.png | RIGHTCharacterApparel | https://drive.google.com/uc?export=view&id=1VM1yYt9zJk0EORseUH0I-qUD6PTs0NWr
BLACKRIGHTCharacterApparel19.png | RIGHTCharacterApparel | https://drive.google.com/uc?export=view&id=1owhGjskcVqp2YyD4Zj0r24EWFPCcF2Ql
BLACKRIGHTCharacterApparel20.png | RIGHTCharacterApparel | https://drive.google.com/uc?export=view&id=1UV2rRvOIzzSB2BeIWuVT48VnVV-c-hTH
BLACKRIGHTCharacterApparel21.png | RIGHTCharacterApparel | https://drive.google.com/uc?export=view&id=1eHq6L74iXBld0no52gC6a7a4eK_HEXsS
BLACKRIGHTCharacterApparel22.png | RIGHTCharacterApparel | https://drive.google.com/uc?export=view&id=1uh8jgxOcdALrcpGo03O9m-rNYZyQmzcs
BLACKRIGHTCharacterApparel24.png | RIGHTCharacterApparel | https://drive.google.com/uc?export=view&id=12Tfkj-hNswGRdckAFwUjd_o2ZFUaNfZ7
BLACKRIGHTCharacterApparel25.png | RIGHTCharacterApparel | https://drive.google.com/uc?export=view&id=1wYZQmu5MO8IAJq6w41a7ruWyIV6z-pD7
BLACKRIGHTCharacterApparel26.png | RIGHTCharacterApparel | https://drive.google.com/uc?export=view&id=1BiR4-XrO2sstAHO1SEOYvwWJZxNB6acc
BLACKRIGHTCharacterApparel27.png | RIGHTCharacterApparel | https://drive.google.com/uc?export=view&id=102Cqt096a9p3QGYcr7Q3megg6Pho4DVI
WHITERIGHTCharacterApparel16.png | RIGHTCharacterApparel | https://drive.google.com/uc?export=view&id=1ZweY2zVFo4JE1300IbuWFYnDNLadoYWs
WHITERIGHTCharacterApparel17.png | RIGHTCharacterApparel | https://drive.google.com/uc?export=view&id=1nImNjtkqBlieFCJktA_PbffBkH_o-Dy2
WHITERIGHTCharacterApparel18.png | RIGHTCharacterApparel | https://drive.google.com/uc?export=view&id=1rz5a-Cfj_832QlgW5YhgK2He7dfMMSxE
WHITERIGHTCharacterApparel19.png | RIGHTCharacterApparel | https://drive.google.com/uc?export=view&id=1e_SvEjTob5H_TDMOKTxNh-x4EHsweSMb
WHITERIGHTCharacterApparel20.png | RIGHTCharacterApparel | https://drive.google.com/uc?export=view&id=1pa4-gDVC0EQdndKyFTaJT1dPRoT14fDC
WHITERIGHTCharacterApparel21.png | RIGHTCharacterApparel | https://drive.google.com/uc?export=view&id=1pSPwObxj2UbhaWDmaVNBJO40uKUwzTw0
WHITERIGHTCharacterApparel22.png | RIGHTCharacterApparel | https://drive.google.com/uc?export=view&id=1b5LiEjNsWRtIkodakR5Bwk7F_z_FWYhb
WHITERIGHTCharacterApparel23.png | RIGHTCharacterApparel | https://drive.google.com/uc?export=view&id=1DHAemIvKBNU2nzAt678Ak8dDEMwvZR6w
WHITERIGHTCharacterApparel24.png | RIGHTCharacterApparel | https://drive.google.com/uc?export=view&id=1qAA9lSABpI3lWZsPrsQWw8Y7ZZFPmhUJ
WHITERIGHTCharacterApparel25.png | RIGHTCharacterApparel | https://drive.google.com/uc?export=view&id=1YRiQhtBhNwL8dozgV_nXrWkDv_YoZF36
WHITERIGHTCharacterApparel26.png | RIGHTCharacterApparel | https://drive.google.com/uc?export=view&id=1FDjOqNKgNGBZQdf4I_O03gs-r1uRBAQw
WHITERIGHTCharacterApparel27.png | RIGHTCharacterApparel | https://drive.google.com/uc?export=view&id=12b1BOoALbmMFS3fwumJEsqJClLT8hQSi
BLACKRIGHTCharacterApparel1.png | RIGHTCharacterApparel | https://drive.google.com/uc?export=view&id=1ZmXOudutuL_qZfDAhUa5Ks0Bkxh_XDyZ
BLACKRIGHTCharacterApparel2.png | RIGHTCharacterApparel | https://drive.google.com/uc?export=view&id=13Rqra3DwqZqtHBu_kvAP718bWI4AfdSq
BLACKRIGHTCharacterApparel3.png | RIGHTCharacterApparel | https://drive.google.com/uc?export=view&id=1mggavzL_aIwZbxsHEst8fhHb4aLNMv3d
BLACKRIGHTCharacterApparel4.png | RIGHTCharacterApparel | https://drive.google.com/uc?export=view&id=1-opybDdN7IVtrqwnRa8gQInjtWTte98p
BLACKRIGHTCharacterApparel5.png | RIGHTCharacterApparel | https://drive.google.com/uc?export=view&id=1qgFvohIhNmWRyLGlPLTfu1Dpis7e_how
BLACKRIGHTCharacterApparel6.png | RIGHTCharacterApparel | https://drive.google.com/uc?export=view&id=1TDYzShYPyuxdBZWZM-KZ1LNGOId8DhoQ
BLACKRIGHTCharacterApparel7.png | RIGHTCharacterApparel | https://drive.google.com/uc?export=view&id=1qiakblGiIh9gztcuF5R39ijE-b33SYTH
BLACKRIGHTCharacterApparel8.png | RIGHTCharacterApparel | https://drive.google.com/uc?export=view&id=1KtMaTHMe9uKnolMc2E8UvQvWR5Art2P3
BLACKRIGHTCharacterApparel9.png | RIGHTCharacterApparel | https://drive.google.com/uc?export=view&id=13Y841jP785FOP7mjlVCsGqxTJLRa5CSG
BLACKRIGHTCharacterApparel10.png | RIGHTCharacterApparel | https://drive.google.com/uc?export=view&id=1S0nYOJIUTBl-1DSx-IBmRZmCuYR7rXXt
BLACKRIGHTCharacterApparel11.png | RIGHTCharacterApparel | https://drive.google.com/uc?export=view&id=1kxWA8lje_mbRuAOPEZIm0UR-qf0zORrL
BLACKRIGHTCharacterApparel12.png | RIGHTCharacterApparel | https://drive.google.com/uc?export=view&id=1oCxXNk70yfDMMwJEuN5t4NPZAjsvgZSh
BLACKRIGHTCharacterApparel13.png | RIGHTCharacterApparel | https://drive.google.com/uc?export=view&id=1UNAdOM7zZHUWqX1wYzBSccv2cCOx3bRK
BLACKRIGHTCharacterApparel14.png | RIGHTCharacterApparel | https://drive.google.com/uc?export=view&id=1qBEpFuJuooyiD8sSQ9DMJriBnsgS3Y_1
BLACKRIGHTCharacterApparel15.png | RIGHTCharacterApparel | https://drive.google.com/uc?export=view&id=1IrTfGzJYTyTRsezADUTPy8KJHQWlyIVO
WHITERIGHTCharacterApparel1.png | RIGHTCharacterApparel | https://drive.google.com/uc?export=view&id=1Kkm7ciFx_kKHoLKbLHV_fhDxNAcCc1g8
WHITERIGHTCharacterApparel2.png | RIGHTCharacterApparel | https://drive.google.com/uc?export=view&id=1XlD4oDPWa9NhMdLPt1mj2D8Skfx_vLTW
WHITERIGHTCharacterApparel3.png | RIGHTCharacterApparel | https://drive.google.com/uc?export=view&id=1DtX2HQHiLETVAU1BGOLgeUMd3NNTmnvy
WHITERIGHTCharacterApparel4.png | RIGHTCharacterApparel | https://drive.google.com/uc?export=view&id=1SsiK1HEP_8WQUJvDTMMIGcbtW_sGEmrS
WHITERIGHTCharacterApparel5.png | RIGHTCharacterApparel | https://drive.google.com/uc?export=view&id=1Bs8E8qQlYWB9UXtPlvmitO9Oe6wayGXn
WHITERIGHTCharacterApparel6.png | RIGHTCharacterApparel | https://drive.google.com/uc?export=view&id=1PEiQS0-1VlPGL_Dt3lFyBM2b5xZG69ER
WHITERIGHTCharacterApparel7.png | RIGHTCharacterApparel | https://drive.google.com/uc?export=view&id=1QsQJMtzILyCzRrnwK6BfE5Ud_cPyS7LR
WHITERIGHTCharacterApparel8.png | RIGHTCharacterApparel | https://drive.google.com/uc?export=view&id=1Nawij0fIfphjXYY3sM_kGeWgKftjamK7
WHITERIGHTCharacterApparel9.png | RIGHTCharacterApparel | https://drive.google.com/uc?export=view&id=1gkbXbtHBvm3U8Hnf1tCzJoFSw6wgWLD_
WHITERIGHTCharacterApparel10.png | RIGHTCharacterApparel | https://drive.google.com/uc?export=view&id=1StRQEvIj4-EVUkjfQPIGS2OdT09pkfNK
WHITERIGHTCharacterApparel11.png | RIGHTCharacterApparel | https://drive.google.com/uc?export=view&id=160vFjRTrG7fP13nH-9WuS-iHORBEXlu7
WHITERIGHTCharacterApparel12.png | RIGHTCharacterApparel | https://drive.google.com/uc?export=view&id=1TnqJMxqqblKgPUfShSKM0E1JTbEoGM-F
WHITERIGHTCharacterApparel13.png | RIGHTCharacterApparel | https://drive.google.com/uc?export=view&id=1vH20c4Zm1cPSjP1ne3PjiGehdY-GA4Q3
WHITERIGHTCharacterApparel14.png | RIGHTCharacterApparel | https://drive.google.com/uc?export=view&id=1zxMmjltQMKUaFF_hC_9O6Zte4a3_1QUo
WHITERIGHTCharacterApparel15.png | RIGHTCharacterApparel | https://drive.google.com/uc?export=view&id=1ekUyogfjNRKql9BJ4BvEIm04QybZ610w
SCENEOPTION20.png | SCENE | https://drive.google.com/uc?export=view&id=1bESGTCGsBrminPhr63DqwApvcSHPOdhv
SCENEOPTION19.png | SCENE | https://drive.google.com/uc?export=view&id=1PZjB1yy-ZdtV_jUfhayHO2khW5-a8Pr_
SCENEOPTION17.png | SCENE | https://drive.google.com/uc?export=view&id=11BVuLgZhMlkVrql83BEmleHgACeJ94Sf
SCENEOPTION7.png | SCENE | https://drive.google.com/uc?export=view&id=1ayXlU1uPUbN1kJ0IRwvvbYXgB2E7EZ3V
SCENEOPTION8.png | SCENE | https://drive.google.com/uc?export=view&id=1Z7tu1ZxijMlwgpLLGfq_MJRvOTLbxgrR
SCENEOPTION11.png | SCENE | https://drive.google.com/uc?export=view&id=1cTDxF66N-h_BA7QgwUsctb0nvOFPznMK
SCENEOPTION12.png | SCENE | https://drive.google.com/uc?export=view&id=1vxzEvypNW9FEkIMFV8UR2v5dQYlbxQGd
SCENEOPTION18.png | SCENE | https://drive.google.com/uc?export=view&id=1gp7FwJyh5bwEIBWSfZ_Qqe63x_V_8mRA
SCENEOPTION16.png | SCENE | https://drive.google.com/uc?export=view&id=10nXf_C45az5rWSg0mqEe3sC3R9wz5Io1
SCENEOPTION15.png | SCENE | https://drive.google.com/uc?export=view&id=1cJBOBNkhRbonOZFZMjLxUmEo4wlq1s-6
SCENEOPTION6.png | SCENE | https://drive.google.com/uc?export=view&id=12oah7kRlmT9dOAxxKUWfYZC673i8eUzv
SCENEOPTION2.png | SCENE | https://drive.google.com/uc?export=view&id=14pzQ_ow_7gN1Bl_WEhkJChbkeIqXJ4Yk
SCENEOPTION9.png | SCENE | https://drive.google.com/uc?export=view&id=1BHMJOdLNP_jXiYzYBWmNtwPqp2oW-_Zj
SCENEOPTION13.png | SCENE | https://drive.google.com/uc?export=view&id=1aJuFzGDi5kPr24KYdN22GyGBu5qpfUyh
SCENEOPTION10.png | SCENE | https://drive.google.com/uc?export=view&id=1erys9gwUIAdDp2Qwch_PDsq9cUEw-I-Q
SCENEOPTION5.png | SCENE | https://drive.google.com/uc?export=view&id=1l-TMYUajyD_3gNtRfnq8X0lPifiT8F3l
SCENEOPTION3.png | SCENE | https://drive.google.com/uc?export=view&id=1KoAJzZ__qIGoVqwBCQr8xO1NMUyrQ4iF
SCENEOPTION4.png | SCENE | https://drive.google.com/uc?export=view&id=1O_ha5dQYYEKMoUTq8luWqE7771UrMpA2
SCENEOPTION14.png | SCENE | https://drive.google.com/uc?export=view&id=1TEYlsoyNcG4kfIvX5pThnQxsqqWrYNFj
SCENEOPTION1.png | SCENE | https://drive.google.com/uc?export=view&id=1dFlan1LAQzQKxNXjHO47sX4RZykGlO-5
OPTION3PINKLEFT.png | LEFTFACIALHAIR | https://drive.google.com/uc?export=view&id=1-hqYUHmr9gLFu6VU0NU74VjNEXxyI46M
OPTION2BLUELEFT.png | LEFTFACIALHAIR | https://drive.google.com/uc?export=view&id=13EyIVLxLkdGs1tHKIp68tTBJT1egVSQs
OPTION2BROWNLEFT.png | LEFTFACIALHAIR | https://drive.google.com/uc?export=view&id=196a_k6XxJ9meCyQHpUfWi_z_A_Ux0FDj
OPTION2PINKLEFT.png | LEFTFACIALHAIR | https://drive.google.com/uc?export=view&id=1AT3g1ZLesb6g4oFz4vhJgI40xo9E6FGa
OPTION3GINGERLEFT.png | LEFTFACIALHAIR | https://drive.google.com/uc?export=view&id=1JCHxZLyG2urWp_eQE-Da9e-bQW0jQVyA
OPTION3BLUELEFT.png | LEFTFACIALHAIR | https://drive.google.com/uc?export=view&id=1KVzH6eAxIff2YUbGyokFvPBmpk23SVaz
OPTION2BLONDLEFT.png | LEFTFACIALHAIR | https://drive.google.com/uc?export=view&id=1T0w-XnkM4yE8_VB6VSLP7Le3d21C11Nq
OPTION2PURPLELEFT.png | LEFTFACIALHAIR | https://drive.google.com/uc?export=view&id=1Tarh8mPNdigLp_Pg4JrI6mFP3Rbu_r8T
OPTION2GREY_WHITELEFT.png | LEFTFACIALHAIR | https://drive.google.com/uc?export=view&id=1UfJxJqYmVNsNe3PrvJRICl7tSSFV443T
OPTION3PURPLELEFT.png | LEFTFACIALHAIR | https://drive.google.com/uc?export=view&id=1aKFK7jKA2S_wxo2wNQj4N11Y6sxmm6O0
OPTION2GINGERLEFT.png | LEFTFACIALHAIR | https://drive.google.com/uc?export=view&id=1f9PSh1045MsSvv81UTnBEvuM0STD-SzI
OPTION2REDLEFT.png | LEFTFACIALHAIR | https://drive.google.com/uc?export=view&id=1ih1eEr_R3TKHFi7l8LrGoX6s8-CLnmuf
OPTION3GREENLEFT.png | LEFTFACIALHAIR | https://drive.google.com/uc?export=view&id=1jdU30FsIdYrtH0AQC6ri4YR609vABnzh
OPTION2GREENLEFT.png | LEFTFACIALHAIR | https://drive.google.com/uc?export=view&id=1lp0452khayDQg8LBAvKc-EPF08iiUEix
OPTION3REDLEFT.png | LEFTFACIALHAIR | https://drive.google.com/uc?export=view&id=1nYGCcDXBjjgaVHeVgRcBYGKcdOi-tg8q
OPTION2BLACKLEFT.png | LEFTFACIALHAIR | https://drive.google.com/uc?export=view&id=1nsFILpkDZTWpKvfC97k7Jjx6A-e4r9Ds
OPTION1BLACKLEFT.png | LEFTFACIALHAIR | https://drive.google.com/uc?export=view&id=1-4y2LwZLokO1Dt48Z1gF_SwPEffCv8Hh
OPTION1BLONDLEFT.png | LEFTFACIALHAIR | https://drive.google.com/uc?export=view&id=11GeHdkCsj8C0jHYAyc0rOwduEcIXBolR
OPTION4GINGERLEFT.png | LEFTFACIALHAIR | https://drive.google.com/uc?export=view&id=13VtUdCaopwgIDZ0oBOqR41IyfLx7Kylk
OPTION3GREY_WHITELEFT.png | LEFTFACIALHAIR | https://drive.google.com/uc?export=view&id=13ar-kZjK5ZeVq_bAVsiuAT7LTujne_Y1
OPTION1GINGERLEFT.png | LEFTFACIALHAIR | https://drive.google.com/uc?export=view&id=171oTw1gRqGOfuSAEixnvWRD1eUDkCWXI
OPTION1GREENLEFT.png | LEFTFACIALHAIR | https://drive.google.com/uc?export=view&id=17rapZstLThIzG7jVqlg7K6dg544z67qf
OPTION1PINKLEFT.png | LEFTFACIALHAIR | https://drive.google.com/uc?export=view&id=1Fvg_7A8UdBQgf2kyGFRqVmJLSPK-slcQ
OPTION1BROWNLEFT.png | LEFTFACIALHAIR | https://drive.google.com/uc?export=view&id=1NWwINqi4asSt2k9UW3XLditEJ__CZhHL
OPTION3BLONDLEFT.png | LEFTFACIALHAIR | https://drive.google.com/uc?export=view&id=1OA0mVQzpwKmrlJasH7DCnjnAYnyI6d_D
OPTION4GREENLEFT.png | LEFTFACIALHAIR | https://drive.google.com/uc?export=view&id=1QLG-e03CTA4Ju8jx4ULlVhwXGKlgioOt
OPTION3BLACKLEFT.png | LEFTFACIALHAIR | https://drive.google.com/uc?export=view&id=1Rs_AcnoQg6qZ1GFjAFAGZaYBVTZvVgfX
OPTION4PURPLELEFT.png | LEFTFACIALHAIR | https://drive.google.com/uc?export=view&id=1Tm-KxSJs_Mjw94HzdrzfgeAvjLSWATiA
OPTION4GREY_WHITELEFT.png | LEFTFACIALHAIR | https://drive.google.com/uc?export=view&id=1VpIW7G0TfSuzt-rpdbpdrQ-VZiP4SFkL
OPTION1BLUELEFT.png | LEFTFACIALHAIR | https://drive.google.com/uc?export=view&id=1bzUGzvvtsdie1qI0j7CJqh9nea_poyeC
OPTION3BROWNLEFT.png | LEFTFACIALHAIR | https://drive.google.com/uc?export=view&id=1d6OT8Gw3WjOPCqGDO3Cyh4Wlx_oXkod2
OPTION4REDLEFT.png | LEFTFACIALHAIR | https://drive.google.com/uc?export=view&id=1fIIvhBKJFhV3wWJisPVFJNp8AomFrhqA
OPTION4BLACKLEFT.png | LEFTFACIALHAIR | https://drive.google.com/uc?export=view&id=1fufaWXv-a8EhP3xRuKgV123kPDgYtu2r
OPTION4PINKLEFT.png | LEFTFACIALHAIR | https://drive.google.com/uc?export=view&id=1gr_l7yBYR2Tl_sQcqjArLi8luHXHDMjc
OPTION1GREY_WHITELEFT.png | LEFTFACIALHAIR | https://drive.google.com/uc?export=view&id=1iKC6EXqJ8Nqy-y5zvf8mJSBVDddz826C
OPTION4BLONDLEFT.png | LEFTFACIALHAIR | https://drive.google.com/uc?export=view&id=1pwRV7Qo01csKJW600ZCy54HH7WkHiUBU
OPTION4BLUELEFT.png | LEFTFACIALHAIR | https://drive.google.com/uc?export=view&id=1q_QhBxshK4TfLoMKFuGr66ZZcZCEhxnZ
OPTION1PURPLELEFT.png | LEFTFACIALHAIR | https://drive.google.com/uc?export=view&id=1rVIwHgMbTrbhlgOyCtAHb_bcCzh_OC4L
OPTION4BROWNLEFT.png | LEFTFACIALHAIR | https://drive.google.com/uc?export=view&id=1txJN1DaDCbuwysx_bV_ssD2zC4AGElOA
OPTION1REDLEFT.png | LEFTFACIALHAIR | https://drive.google.com/uc?export=view&id=1uSaP-QxiIy0IYohr7FM9u6mVJ8KBVCqt
Option 8.png | Right Characters Pokemon:Pet | https://drive.google.com/uc?export=view&id=1jh2RDq2atX36QGCdoRsSYoH8mB6FWsV-
Option 20.png | Right Characters Pokemon:Pet | https://drive.google.com/uc?export=view&id=10f1NaS3YRkL96Qahb7zLKM6nKhwTuA_l
Option 24.png | Right Characters Pokemon:Pet | https://drive.google.com/uc?export=view&id=19AVJCMRDBOSe9hzVEjwsxByt4BJ5u_qc
Option 23.png | Right Characters Pokemon:Pet | https://drive.google.com/uc?export=view&id=1DzZQIv_qzP-Aq4NCcd-2_mcuKXNkQFqI
Option 28.png | Right Characters Pokemon:Pet | https://drive.google.com/uc?export=view&id=1FzOcdeL7pRVc_wp3WauGM435A-ShqNPu
Option 22.png | Right Characters Pokemon:Pet | https://drive.google.com/uc?export=view&id=1N4idIJ492nRccRl_DvajksG6Xq6EwyRc
Option 19.png | Right Characters Pokemon:Pet | https://drive.google.com/uc?export=view&id=1Q7uZtsujfH9di1pBl3g_A6R7BCxbj9S6
Option 26.png | Right Characters Pokemon:Pet | https://drive.google.com/uc?export=view&id=1TEdbjK49U99EyAgbONYfeD-XlzKm4C2E
Option 25.png | Right Characters Pokemon:Pet | https://drive.google.com/uc?export=view&id=1o8oiJEzVsv90kv_4lqAh6MJNL9idXZ-i
Option 27.png | Right Characters Pokemon:Pet | https://drive.google.com/uc?export=view&id=1wdtHGQMBdbYhiI3zRtbDJMOpjK8dU5E_
Option 21.png | Right Characters Pokemon:Pet | https://drive.google.com/uc?export=view&id=1witfoC4W9rDgiW23VRaJ-nl_xQ24BHhK
Option 34.png | Right Characters Pokemon:Pet | https://drive.google.com/uc?export=view&id=1FsOjlHjilhMgTOXP3ZqD_cR7ltcMWAsU
Option 36.png | Right Characters Pokemon:Pet | https://drive.google.com/uc?export=view&id=1Kj8HDuV4K6Mfp3cH4W4bi1kFiRTtDVTV
Option 29.png | Right Characters Pokemon:Pet | https://drive.google.com/uc?export=view&id=1RGY-gyi0prCR16YYZ3kivi-n9Rkwfb6N
Option 33.png | Right Characters Pokemon:Pet | https://drive.google.com/uc?export=view&id=1Z1ijcd_D6H-qRHoqXjfIZ7fFrAtBqlBU
Option 35.png | Right Characters Pokemon:Pet | https://drive.google.com/uc?export=view&id=1_wZieSVAZlERPDek5tF7iRvU2EPkWPBw
Option 30.png | Right Characters Pokemon:Pet | https://drive.google.com/uc?export=view&id=1fZI6UiRiYiTJDwsj0GMLmHu-Nbz_FAbW
Option 38.png | Right Characters Pokemon:Pet | https://drive.google.com/uc?export=view&id=1fZTP4nrpfpCs0yyHV6vMTPw0Gg7jvq4T
Option 31.png | Right Characters Pokemon:Pet | https://drive.google.com/uc?export=view&id=1fjmbFX_KmQm-slHY9QIKC9QPPRbcdcwq
Option 37.png | Right Characters Pokemon:Pet | https://drive.google.com/uc?export=view&id=1t-ssEyP6yWs5-4w_rqc421W_bKEvlUUh
Option 32.png | Right Characters Pokemon:Pet | https://drive.google.com/uc?export=view&id=1zGX8FmyaOo2lB8oEBPK9_UynLNQxVOn_
Option 18.png | Right Characters Pokemon:Pet | https://drive.google.com/uc?export=view&id=1GP9m5MYVJKKIpZccvVR_tIzfkEh_TDuN
Option 17.png | Right Characters Pokemon:Pet | https://drive.google.com/uc?export=view&id=1zUqQd2U94E4GSOKrv8Hgkwd-T_sfWzry
Option 16.png | Right Characters Pokemon:Pet | https://drive.google.com/uc?export=view&id=13koptIatF7C8ZqsZtSCVPuWGtpE-FTLt
Option 15.png | Right Characters Pokemon:Pet | https://drive.google.com/uc?export=view&id=1IR-UCaGLYYTSbvwmqQwaKilIqizeAgMC
Option 14.png | Right Characters Pokemon:Pet | https://drive.google.com/uc?export=view&id=1-Lphmos5GNu7Kc1xGPngTTCj1Pz_KNe8
Option 13.png | Right Characters Pokemon:Pet | https://drive.google.com/uc?export=view&id=1Ubz2Npml4GKBak7zWwnvhy2qMLIy8pcj
Option 12.png | Right Characters Pokemon:Pet | https://drive.google.com/uc?export=view&id=16FNOaAde29EiDDHGATcT85EsGi_iB-rK
Option 11.png | Right Characters Pokemon:Pet | https://drive.google.com/uc?export=view&id=1OHoYWhVlS5saisxr5D5P-zLygCIcgSnI
Option 10.png | Right Characters Pokemon:Pet | https://drive.google.com/uc?export=view&id=1iPMmKGXnk76Jc9sAepCvhqEvGmgoJOz2
Option 9.png | Right Characters Pokemon:Pet | https://drive.google.com/uc?export=view&id=1SeUucVx5NEQRqOzyYKv4wvNMUbgW4srk
Option 7.png | Right Characters Pokemon:Pet | https://drive.google.com/uc?export=view&id=1_ZKHjFas-VzGQFlt_ww71gDuSFNNUuSC
Option 6.png | Right Characters Pokemon:Pet | https://drive.google.com/uc?export=view&id=16-eBlzh0hWP2xNACY3x1S_DPFU9aBvc6
Option 5.png | Right Characters Pokemon:Pet | https://drive.google.com/uc?export=view&id=1bn4FBtpjKF0zu8mCnkslhTSOUJY9vQel
Option 4.png | Right Characters Pokemon:Pet | https://drive.google.com/uc?export=view&id=19ZKdKQ2N0PnbaluFteA0D_cL6wr7Wsfh
Option 3.png | Right Characters Pokemon:Pet | https://drive.google.com/uc?export=view&id=1GYmecUFl0KTQmDn2ALEQyBwqyS7C7jbZ
Option 2.png | Right Characters Pokemon:Pet | https://drive.google.com/uc?export=view&id=1QL5ep9Oew1UtIPbtaEkjaIzNbwyU0Jqi
Option 1.png | Right Characters Pokemon:Pet | https://drive.google.com/uc?export=view&id=1iRHI8ncQrjSxzQPvSVMvnFLTREqepdRI
LEFTTOPHAT.png | ACCESSORIESLEFT | https://drive.google.com/uc?export=view&id=1qzMa6XpDD5sk6oSuMOQqv4QT_rKVwSez
TIARALEFT.png | ACCESSORIESLEFT | https://drive.google.com/uc?export=view&id=1kW75udIvFga2S-zkPD4ACn9f4gSsnj-9
GARLANDLEFT.png | ACCESSORIESLEFT | https://drive.google.com/uc?export=view&id=1InORI4iUHcheroUSCrsrV4x5E_vX6R8k
LEFTMEMEGLASSES.png | ACCESSORIESLEFT | https://drive.google.com/uc?export=view&id=1svpJcpEWhE8yxyUqi0I4GPkZ-SP16iDk
LEFTBLUEGLASSES.png | ACCESSORIESLEFT | https://drive.google.com/uc?export=view&id=1urH0NNhu1hafz71cCkvTU98iMz2dFX-H
LEFTPINKGLASSES.png | ACCESSORIESLEFT | https://drive.google.com/uc?export=view&id=134hmne7Ajc7n6kYg2m4VKGp7XmzyVoT5
LEFTGLASSES.png | ACCESSORIESLEFT | https://drive.google.com/uc?export=view&id=113-HJ7AmoNQhdVcXamEqEDIVhV2LPYqU
LEFTREDCAP.png | ACCESSORIESLEFT | https://drive.google.com/uc?export=view&id=1TTtME1-Fy-S6F0IgMp-JWVKz589EqJz2
LEFTBEACHHAT.png | ACCESSORIESLEFT | https://drive.google.com/uc?export=view&id=1G6U3eWC-MUWa1Dd0ypHMy-NKP7KjRURj
LEFTTRUCKERHAT.png | ACCESSORIESLEFT | https://drive.google.com/uc?export=view&id=1hoYLn68VzdlQOwyr1KCSvTF_yax15nb3
LEFTCAP.png | ACCESSORIESLEFT | https://drive.google.com/uc?export=view&id=1gIdPSvfMyVK8SLjeTfuTuD3IpukOc80a
LEFTPIKAKAP.png | ACCESSORIESLEFT | https://drive.google.com/uc?export=view&id=1y9gZNW0DH50nlZcGyggVE2sEQ0k6Bzn2
Option 8.png | Left Characters Pokemon:Pet | https://drive.google.com/uc?export=view&id=1s0X9dgJU-Z66hUtEA0e2GJi_q2gLCCz9
Option 32.png | Left Characters Pokemon:Pet | https://drive.google.com/uc?export=view&id=11ghCuTdSm3-EgUD5aQiy25EI6rDHDetJ
Option 38.png | Left Characters Pokemon:Pet | https://drive.google.com/uc?export=view&id=1NihVmlk82ES-o4kWSOIpEkVsAuDBRnXZ
Option 33.png | Left Characters Pokemon:Pet | https://drive.google.com/uc?export=view&id=1QMWd8Y_l9gdxBhpmHzx_hfh5LL3qF_O9
Option 31.png | Left Characters Pokemon:Pet | https://drive.google.com/uc?export=view&id=1UTODtrFtx32rMN1vsyOZyHyZEYUc62F3
Option 36.png | Left Characters Pokemon:Pet | https://drive.google.com/uc?export=view&id=1W-ikWNWdyuryJEFZtv3Rav6_SR8U937Z
Option 29.png | Left Characters Pokemon:Pet | https://drive.google.com/uc?export=view&id=1YTHRsSIpupJSjyGSCY8OF-vNh0ABUUPq
Option 34.png | Left Characters Pokemon:Pet | https://drive.google.com/uc?export=view&id=1hkALHvq3W7hxo0QJRiwoUr5sAvoMW53j
Option 30.png | Left Characters Pokemon:Pet | https://drive.google.com/uc?export=view&id=1j5O4K6iOTunnl9LjRkzpmeF7JUeip1My
Option 37.png | Left Characters Pokemon:Pet | https://drive.google.com/uc?export=view&id=1kVQcHXwgeNUYrPdZLTpkiDLF3NHsjy9C
Option 35.png | Left Characters Pokemon:Pet | https://drive.google.com/uc?export=view&id=1yuCDryAsI-iOsFKFq_1vTFVngPpKMXYY
Option 20.png | Left Characters Pokemon:Pet | https://drive.google.com/uc?export=view&id=10tptS3Ls_pqopxpKGvPVRWAlMkXrcKXg
Option 28.png | Left Characters Pokemon:Pet | https://drive.google.com/uc?export=view&id=1JOVJPmMDTo_hzi33cuVg7D3O0CQgLnoT
Option 24.png | Left Characters Pokemon:Pet | https://drive.google.com/uc?export=view&id=1XBA67NsHSDIfo9eQvWJ-ibsI3kbJvfbq
Option 27.png | Left Characters Pokemon:Pet | https://drive.google.com/uc?export=view&id=1Z0DM60ytRlc1OxaniaBEsNmWvRs2j8Dh
Option 22.png | Left Characters Pokemon:Pet | https://drive.google.com/uc?export=view&id=1mhyHh_BXE9sEEPTxEJRzvoiEdakpFacl
Option 21.png | Left Characters Pokemon:Pet | https://drive.google.com/uc?export=view&id=1nh3LB3KHXbejQokDk69GYffg52CSYKs5
Option 19.png | Left Characters Pokemon:Pet | https://drive.google.com/uc?export=view&id=1u78pwK4mU3QF8DL87TTlxa1SpDMb0k34
Option 26.png | Left Characters Pokemon:Pet | https://drive.google.com/uc?export=view&id=1uqhgTei66yi34ztB24w_Vjbx0TUrk9gS
Option 23.png | Left Characters Pokemon:Pet | https://drive.google.com/uc?export=view&id=1vgCNxnQWOUZPaT-AV3MWOx1xOlW5AXAT
Option 25.png | Left Characters Pokemon:Pet | https://drive.google.com/uc?export=view&id=1yhxZ_bGLCB13zQJMUL4NQ98DvjnI7G3W
Option 18.png | Left Characters Pokemon:Pet | https://drive.google.com/uc?export=view&id=1e25HbHauNhqy0wdtJHWMsexedyMnBO28
Option 17.png | Left Characters Pokemon:Pet | https://drive.google.com/uc?export=view&id=1jzF5Xl0XOq8rifYZzUF8gpDNLkCJ0qs-
Option 16.png | Left Characters Pokemon:Pet | https://drive.google.com/uc?export=view&id=1ymQ-35rx8jByn_PUDFVfTfkGAwpldxlb
Option 15.png | Left Characters Pokemon:Pet | https://drive.google.com/uc?export=view&id=18FPO3HUmAvHZjeUv2KFnaW_5hgEB95gn
Option 14.png | Left Characters Pokemon:Pet | https://drive.google.com/uc?export=view&id=17aHusbbMu4xP9HcBpKZL1Cv7h779Omzv
Option 13.png | Left Characters Pokemon:Pet | https://drive.google.com/uc?export=view&id=1ubZMnklu3aHC4FICAW3pu2CsjG81qHe9
Option 12.png | Left Characters Pokemon:Pet | https://drive.google.com/uc?export=view&id=1AaxolieeZ0prPhHWS2qiyt8m9CXdoUQr
Option 11.png | Left Characters Pokemon:Pet | https://drive.google.com/uc?export=view&id=1xBbci4O28yVJSzQzpZ69Nh_fdeuvoQTo
Option 10.png | Left Characters Pokemon:Pet | https://drive.google.com/uc?export=view&id=1wYmmHsHxzu6hPvuVCJDAJkERcN-51ccA
Option 9.png | Left Characters Pokemon:Pet | https://drive.google.com/uc?export=view&id=1TmyXNZOgplIrFzfj-iDdrwe_gb0hhDUC
Option 7.png | Left Characters Pokemon:Pet | https://drive.google.com/uc?export=view&id=1XUhKnchRzEoRW--EvQVD4MahhVZFsrKk
Option 6.png | Left Characters Pokemon:Pet | https://drive.google.com/uc?export=view&id=1krYVP9KGpe9AmM9jwcHrtAQlkbOyesYT
Option 5.png | Left Characters Pokemon:Pet | https://drive.google.com/uc?export=view&id=1ZY9BAXtH5OBpjVh11N81Xnc_2NzWj-dp
Option 4.png | Left Characters Pokemon:Pet | https://drive.google.com/uc?export=view&id=1SfyBhmDqMYVkXZ3tBe_OTEas-SGN23yP
Option 3.png | Left Characters Pokemon:Pet | https://drive.google.com/uc?export=view&id=1pq1HGPOsE6EgR1Al2J7eJ2u6ePBlSUkV
Option 2.png | Left Characters Pokemon:Pet | https://drive.google.com/uc?export=view&id=1Rh7CgGlN_xdfnKAs7FBuzJXod9SIiqmB
Option 1.png | Left Characters Pokemon:Pet | https://drive.google.com/uc?export=view&id=1_qYxcU1lMWQRS8ZDVt9ljh8aBrJIUQyn
MALEBLACKLEFTBLUE.png | LEFTFACES | https://drive.google.com/uc?export=view&id=1-5MLeCKJtM0HuCqjPDap68vdRC_XVhRw
MALEWHITELEFTBLUE.png | LEFTFACES | https://drive.google.com/uc?export=view&id=1-wMc_c9SfbFH49CgLXQavr9FVPfgi20O
MALEBLACKLEFTGREEN.png | LEFTFACES | https://drive.google.com/uc?export=view&id=1Arw11pVNfg-uhj8yjYlVLLVwgJuplcJn
FEMALEBLACKLEFTGREEN.png | LEFTFACES | https://drive.google.com/uc?export=view&id=1FIj2vB-a7kZrNty8SZ0MyOI6jVMAQW2J
FEMALEBLACKLEFTBROWN.png | LEFTFACES | https://drive.google.com/uc?export=view&id=1M3uuYQ0zdQDYFh3Vn25a4NR8YiGD5Pj9
MALEWHITELEFTGREEN.png | LEFTFACES | https://drive.google.com/uc?export=view&id=1MphLxJYyvjyqzZWkWHrzLuN_IR70DoYK
FEMALEWHITELEFTGREEN.png | LEFTFACES | https://drive.google.com/uc?export=view&id=1MtgYXR6YnAKBaIe1NAnpOsZjvU6XZUFW
MALEBLACKLEFTBROWN.png | LEFTFACES | https://drive.google.com/uc?export=view&id=1RV7eL83vSrjJoBd8Sap9ZR1ZymjMbd9N
FEMALEWHITELEFTBLUE.png | LEFTFACES | https://drive.google.com/uc?export=view&id=1RkTlsfhBzzyin1TBmsQXSKdYjPqtjKmZ
MALEWHITELEFTBROWN.png | LEFTFACES | https://drive.google.com/uc?export=view&id=1hmnzE6YD0wNvXH8lwklkT5Ullaax0Fiw
FEMALEWHITELEFTBROWN.png | LEFTFACES | https://drive.google.com/uc?export=view&id=1vFGV0F0XyBHUzwHCDZ_FVnufDkZ76tbT
FEMALEBLACKLEFTBLUE.png | LEFTFACES | https://drive.google.com/uc?export=view&id=1nUafoIA9YPKycV0oj-R8-D_XM36A3FlF
RIGHTTOPHAT.png | ACCESSORIESRIGHT | https://drive.google.com/uc?export=view&id=1PlwU-lQBYw7SHUvB_nVHr4nHyBdG1OwO
GARLANDRIGHT.png | ACCESSORIESRIGHT | https://drive.google.com/uc?export=view&id=1h2iTET8sVUakLcQLLgICvvAXmZ-kbiBD
TIARARIGHT.png | ACCESSORIESRIGHT | https://drive.google.com/uc?export=view&id=15CVPzoSMgByDo5Y5B8jTxbYiCErBJOyM
RIGHTPINKGLASSES.png | ACCESSORIESRIGHT | https://drive.google.com/uc?export=view&id=1QuHQRauhjG3OxpUjnK4kKtIwC9BCVUBX
RIGHTMEMEGLASSES.png | ACCESSORIESRIGHT | https://drive.google.com/uc?export=view&id=1n3B1uO7DQBcHMM1bZ4q_GQ8sC3neHy4y
RIGHTBLUEGLASSES.png | ACCESSORIESRIGHT | https://drive.google.com/uc?export=view&id=1qJEjF2XOyGHUHv60QpSlKvDH5G9Dw31h
RIGHTGLASSES.png | ACCESSORIESRIGHT | https://drive.google.com/uc?export=view&id=1lArgXTg-RtvsdA3PhZWsNhlg5jUWRGY1
RIGHTPIKAKAP.png | ACCESSORIESRIGHT | https://drive.google.com/uc?export=view&id=1_8C3pz0ZJnvj0Gwz02K5jdYZKBqtJQNL
RIGHTCAP.png | ACCESSORIESRIGHT | https://drive.google.com/uc?export=view&id=1UnTof_2pCCLKNQd7XrcXk9Hi5fEVoVa8
RIGHTTRUCKERHAT.png | ACCESSORIESRIGHT | https://drive.google.com/uc?export=view&id=1BIWFIbxhCYAOMyY1Tfx4DPwaexLEbNrq
RIGHTBEACHHAT.png | ACCESSORIESRIGHT | https://drive.google.com/uc?export=view&id=1spSaUPhsYNplIbux-Qs5ClVxJ390gKrD
RIGHTREDCAP.png | ACCESSORIESRIGHT | https://drive.google.com/uc?export=view&id=17iMSiqNHCuG2LOosFQZ198PtsWmCEKh-
OPTION14BLACKLEFT.png | LEFTCHARACTERWIGS | https://drive.google.com/uc?export=view&id=1r1wLMhsrQsVEEMV9ZrDXiTu06QPQy-7j
OPTION14BLONDLEFT.png | LEFTCHARACTERWIGS | https://drive.google.com/uc?export=view&id=1kKJCqCWG-t_xBbgRUh7sLbdcI9249He-
OPTION14BLUELEFT.png | LEFTCHARACTERWIGS | https://drive.google.com/uc?export=view&id=16cX4AgFrZ5gLsGQDU1zW2UGCPliW5kq7
OPTION14BROWNLEFT.png | LEFTCHARACTERWIGS | https://drive.google.com/uc?export=view&id=1BCKHncj-ss21HzjWAzxC2CztTuCDLEfc
OPTION14GINGERLEFT.png | LEFTCHARACTERWIGS | https://drive.google.com/uc?export=view&id=16wM1gKTXI_dKG8HWNbp6CKL8hd8TcP1b
OPTION14GREENLEFT.png | LEFTCHARACTERWIGS | https://drive.google.com/uc?export=view&id=1DQxLyDlfUTlgZB6Q0McRI8FNdnKBf_xc
OPTION14GREY_WHITELEFT.png | LEFTCHARACTERWIGS | https://drive.google.com/uc?export=view&id=1a669E_mch8QUlRNJjxPNLkjMsCc6kXIL
OPTION14PINKLEFT.png | LEFTCHARACTERWIGS | https://drive.google.com/uc?export=view&id=1nv3F6VJQczcer9YhnQySfPowYX0oIonq
OPTION14PURPLELEFT.png | LEFTCHARACTERWIGS | https://drive.google.com/uc?export=view&id=1zdYxiaxJPod3bh7ls0YsPv2N52JZgtQ0
OPTION14REDLEFT.png | LEFTCHARACTERWIGS | https://drive.google.com/uc?export=view&id=1Vgd3DrZTIWnKMKeQCAeDzM_UGmp8THgk
OPTION13BLACKLEFT.png | LEFTCHARACTERWIGS | https://drive.google.com/uc?export=view&id=1sTNbovCYt9sNWkvGM9tysLfaDbYDnTqB
OPTION13BLONDLEFT.png | LEFTCHARACTERWIGS | https://drive.google.com/uc?export=view&id=1pfAglEDuExefOaVStO8H_QvsH2lcfcrO
OPTION13BLUELEFT.png | LEFTCHARACTERWIGS | https://drive.google.com/uc?export=view&id=1ZI2YjmJvWif28gZPZoLEKZvciFGdxe9-
OPTION13BROWNLEFT.png | LEFTCHARACTERWIGS | https://drive.google.com/uc?export=view&id=1n7NzeTRfFMUKkR9QDi7dd756XiBN581f
OPTION13GINGERLEFT.png | LEFTCHARACTERWIGS | https://drive.google.com/uc?export=view&id=16Epf4n52YeLA3XA4_n9MZ-U3jx6cMbmo
OPTION13GREENLEFT.png | LEFTCHARACTERWIGS | https://drive.google.com/uc?export=view&id=1T7TXKZEcFjHJfRaJX9qc2DtzN1HpSPVF
OPTION13GREY_WHITELEFT.png | LEFTCHARACTERWIGS | https://drive.google.com/uc?export=view&id=1qcEWaHRXN8NCEEx1neXd-a9k_HtNLWKe
OPTION13PINKLEFT.png | LEFTCHARACTERWIGS | https://drive.google.com/uc?export=view&id=1ePlVaNg9y0s7quoXi1FZ2paA7sMTaiCg
OPTION13PURPLELEFT.png | LEFTCHARACTERWIGS | https://drive.google.com/uc?export=view&id=1_i2bqxKI2rifjkxpkQSTC6dIIqJn9kRZ
OPTION13REDLEFT.png | LEFTCHARACTERWIGS | https://drive.google.com/uc?export=view&id=1xAsZzFbXBOE48raNG_7FCuUxEVxS_y30
OPTION18BLACKLEFT.png | LEFTCHARACTERWIGS | https://drive.google.com/uc?export=view&id=1RC4IZCmRUQkLCXHA8lFqmBVUE86rng98
OPTION18BLONDLEFT.png | LEFTCHARACTERWIGS | https://drive.google.com/uc?export=view&id=172rKzLa2CZG-ce0r8mx24x70-FXc32Br
OPTION18BROWNLEFT.png | LEFTCHARACTERWIGS | https://drive.google.com/uc?export=view&id=1iwRauhZx-7T2e8HYQeQAcHPkVTz9rnq8
OPTION18GREY_WHITELEFT.png | LEFTCHARACTERWIGS | https://drive.google.com/uc?export=view&id=1uJ33K49E_9Cz852O5ckXKuOmELWVQeb-
OPTION18REDLEFT.png | LEFTCHARACTERWIGS | https://drive.google.com/uc?export=view&id=1JFSdbIRFCqsY_AvJyUXPI7W-Tx-AS1qu
OPTION18BLUELEFT.png | LEFTCHARACTERWIGS | https://drive.google.com/uc?export=view&id=1xhnb5MPOzZYlk4NhEDjDFn8iqo1z8e1J
OPTION18PINKLEFT.png | LEFTCHARACTERWIGS | https://drive.google.com/uc?export=view&id=1QCpNc9VdmsW45xC-1xndB7QVfU0p4ge1
OPTION18PURPLELEFT.png | LEFTCHARACTERWIGS | https://drive.google.com/uc?export=view&id=1OttiT4Rhl5hz_hTxlmYLP3asErWVuLCJ
OPTION18GINGERLEFT.png | LEFTCHARACTERWIGS | https://drive.google.com/uc?export=view&id=11S3F3pMEMZAAxxu4okJFDCONhQE-2h41
OPTION16PURPLELEFT.png | LEFTCHARACTERWIGS | https://drive.google.com/uc?export=view&id=1RbJtefvdvCiA7-rXNYzQfk-ijvsV3VVd
OPTION16REDLEFT.png | LEFTCHARACTERWIGS | https://drive.google.com/uc?export=view&id=1fAYVJTGxvgrgRbjyu3xzUyMzS3KOPPB2
OPTION16BLACKLEFT.png | LEFTCHARACTERWIGS | https://drive.google.com/uc?export=view&id=1ONYrW2v-P70N7rfwAeGbIzxB_HclGdY4
OPTION16BLONDLEFT.png | LEFTCHARACTERWIGS | https://drive.google.com/uc?export=view&id=1St2mMZExbWvZCfT65-wB4w1J2QwQNAyp
OPTION16BLUELEFT.png | LEFTCHARACTERWIGS | https://drive.google.com/uc?export=view&id=1fnLgSJPwUjGXGiOi-8rT1p3tE1B0xjyk
OPTION16BROWNLEFT.png | LEFTCHARACTERWIGS | https://drive.google.com/uc?export=view&id=1WD2TTeX1znCzSxZYZkR9xVgc4oJ9BE6i
OPTION16GINGERLEFT.png | LEFTCHARACTERWIGS | https://drive.google.com/uc?export=view&id=109rbddJC5Ky2Sa8NXaAjuhK5zt477A3Y
OPTION16GREENLEFT.png | LEFTCHARACTERWIGS | https://drive.google.com/uc?export=view&id=1aoyToL8z6xyRJpP-aBOnWXnj29wqLxAC
OPTION16GREY_WHITELEFT.png | LEFTCHARACTERWIGS | https://drive.google.com/uc?export=view&id=1zphn61LOqCaIe98lMUIwuLCZd937bJXo
OPTION16PINKLEFT.png | LEFTCHARACTERWIGS | https://drive.google.com/uc?export=view&id=17r0mtX_TE_TQrB48rxzN7wDmvmjQOtNv
OPTION15BLACKLEFT.png | LEFTCHARACTERWIGS | https://drive.google.com/uc?export=view&id=1vg7mXEgg93KIF_dfugZlEkvK6Q1a_9gG
OPTION15BLONDLEFT.png | LEFTCHARACTERWIGS | https://drive.google.com/uc?export=view&id=1dPnSEKIyxWUECihnlQuIDDxVgs3nQGZ3
OPTION15BLUELEFT.png | LEFTCHARACTERWIGS | https://drive.google.com/uc?export=view&id=17BrG2RyrX1xl4XqV8n0qJSUQfiEP_-__
OPTION15BROWNLEFT.png | LEFTCHARACTERWIGS | https://drive.google.com/uc?export=view&id=1qzfuxBVer9Cc0Q-hpx5jgdFOzhKQvgbm
OPTION15GINGERLEFT.png | LEFTCHARACTERWIGS | https://drive.google.com/uc?export=view&id=1Ms4CjMSpFx58WIotBL4xDRzhGnd_dDWM
OPTION15GREENLEFT.png | LEFTCHARACTERWIGS | https://drive.google.com/uc?export=view&id=1sSHy-j7YLIb58l4PDITVi9jt7ygXNfkz
OPTION15GREY_WHITELEFT.png | LEFTCHARACTERWIGS | https://drive.google.com/uc?export=view&id=1mCk0-RspSmuhgVMBWV3_SmG-aSkXQ8b7
OPTION15PINKLEFT.png | LEFTCHARACTERWIGS | https://drive.google.com/uc?export=view&id=1nZORMD-S0fv6oVgZiHYHtpd5WNeHDvg_
OPTION15PURPLELEFT.png | LEFTCHARACTERWIGS | https://drive.google.com/uc?export=view&id=1BNDTS6hIMAmr49aHFIQjhvdbdElDXFef
OPTION15REDLEFT.png | LEFTCHARACTERWIGS | https://drive.google.com/uc?export=view&id=1XqKmmnH6FnYaiNCYS_UiXD2wuKLDF_Ab
OPTION2BLONDLEFT.png | LEFTCHARACTERWIGS | https://drive.google.com/uc?export=view&id=1McEIza0Mug5QsRIn5zXYXcn7Qse2j4Ow
OPTION19GREY_WHITELEFT.png | LEFTCHARACTERWIGS | https://drive.google.com/uc?export=view&id=130CrfjVgxim5X-s9Ui0ju7Hh0wOe1IzU
OPTION19PINKLEFT.png | LEFTCHARACTERWIGS | https://drive.google.com/uc?export=view&id=17V7bfgvKeyJoK1BlrE9xY6CefvugY1mF
OPTION19GREENLEFT.png | LEFTCHARACTERWIGS | https://drive.google.com/uc?export=view&id=1yKDF03ES3Q3M8sRfRTEEpqU_qyiuHeTh
OPTION19BLONDLEFT.png | LEFTCHARACTERWIGS | https://drive.google.com/uc?export=view&id=1q1lM9NOPhspBFc0vkADYMAKEylDrKBcH
OPTION19BLUELEFT.png | LEFTCHARACTERWIGS | https://drive.google.com/uc?export=view&id=1hb8o-N9yLuiy79df6mV3-EAUCZZZ4h7J
OPTION19BROWNLEFT.png | LEFTCHARACTERWIGS | https://drive.google.com/uc?export=view&id=1HxY83cd_m6abuk8XViot6OOLd1Nysv8T
OPTION19REDLEFT.png | LEFTCHARACTERWIGS | https://drive.google.com/uc?export=view&id=1JqGbu6F2zI-T7eTC9NWRKcXupG9PysiN
OPTION19BLACKLEFT.png | LEFTCHARACTERWIGS | https://drive.google.com/uc?export=view&id=1oDy4pJy-0xdfMh9V2CIpTLWaz0b-miIk
OPTION19GINGERLEFT.png | LEFTCHARACTERWIGS | https://drive.google.com/uc?export=view&id=1EJIs2MYMGtG3fn2DPCznyed9JK4x7lfW
OPTION19PURPLELEFT.png | LEFTCHARACTERWIGS | https://drive.google.com/uc?export=view&id=1SnX5xFnH-fDeD1X9j_Vh0pKxTW7ec2Gx
OPTION18GREENLEFT.png | LEFTCHARACTERWIGS | https://drive.google.com/uc?export=view&id=1e9bEp7tMGhieOIsd9RYtqArTfK-86qtD
OPTION20PINKLEFT.png | LEFTCHARACTERWIGS | https://drive.google.com/uc?export=view&id=19pdqLppbFq5coRBbVYENBoZhBxe0D5-F
OPTION20REDLEFT.png | LEFTCHARACTERWIGS | https://drive.google.com/uc?export=view&id=1vLbNrlKjg-JCzodLrnoMn2z32UcO-yNi
OPTION20GREENLEFT.png | LEFTCHARACTERWIGS | https://drive.google.com/uc?export=view&id=1ANMTenglD5I9KsmFGk8hfb1hK4VRk3Hm
OPTION20GINGERLEFT.png | LEFTCHARACTERWIGS | https://drive.google.com/uc?export=view&id=1EpgHbSpebkrapP-jj9yWSdHvloTrZaFO
OPTION20PURPLELEFT.png | LEFTCHARACTERWIGS | https://drive.google.com/uc?export=view&id=1IYFejtKWX57bow3J_EW30fTFn9A2xMJ3
OPTION20BLACKLEFT.png | LEFTCHARACTERWIGS | https://drive.google.com/uc?export=view&id=1WerzhzrlyfASOoDFWMGIl3TD4R4JYHVk
OPTION20BLUELEFT.png | LEFTCHARACTERWIGS | https://drive.google.com/uc?export=view&id=1YGHzIX4TFENn15y-4U7WLdF3o8IeXGp6
OPTION20BROWNLEFT.png | LEFTCHARACTERWIGS | https://drive.google.com/uc?export=view&id=1bIpgKLQs16xSg6AUpkDKBD71ABjHwE9L
OPTION20GREY_WHITELEFT.png | LEFTCHARACTERWIGS | https://drive.google.com/uc?export=view&id=1iz_xxRG2cSrw2CSJJeENJ_kdImodPl3z
OPTION20BLONDLEFT.png | LEFTCHARACTERWIGS | https://drive.google.com/uc?export=view&id=1yDLpj1UhWxjMjm44_lWP82AzmjgG4vvi
OPTION17BLONDLEFT.png | LEFTCHARACTERWIGS | https://drive.google.com/uc?export=view&id=1-XMyxTZXCeIYHsSIG9h_LGEXZlqLgIsa
OPTION17GREY_WHITELEFT.png | LEFTCHARACTERWIGS | https://drive.google.com/uc?export=view&id=15wNc_WuMLSDnAH2Rlnt_r_hG4Tkskr9g
OPTION17REDLEFT.png | LEFTCHARACTERWIGS | https://drive.google.com/uc?export=view&id=1FK3GqPXWFIkVvOsK8BZCYKVka4u0GNLC
OPTION17PURPLELEFT.png | LEFTCHARACTERWIGS | https://drive.google.com/uc?export=view&id=1KZtB1rE79czX5qbfdEpokNwZOcbv0vOS
OPTION17GREENLEFT.png | LEFTCHARACTERWIGS | https://drive.google.com/uc?export=view&id=1KngMoAEEZwc2ORHLinwy20ERQFoUgzbt
OPTION17BROWNLEFT.png | LEFTCHARACTERWIGS | https://drive.google.com/uc?export=view&id=1MysO65jZhzKz_snl4UkHognBxVzGNh2w
OPTION17GINGERLEFT.png | LEFTCHARACTERWIGS | https://drive.google.com/uc?export=view&id=1QAD9Y4QDAaWBDEbXInQnBpInCkiQo9yr
OPTION17PINKLEFT.png | LEFTCHARACTERWIGS | https://drive.google.com/uc?export=view&id=1oQMu9YJGvjoxQahS0Uc3A5VJZfNoHUnv
OPTION17BLACKLEFT.png | LEFTCHARACTERWIGS | https://drive.google.com/uc?export=view&id=1okn5IHWj-5AR8-pDfC-DlnTDVzo5WN-7
OPTION17BLUELEFT.png | LEFTCHARACTERWIGS | https://drive.google.com/uc?export=view&id=1znelc6uNL30ZYygG9abFro5HnaBzu81S
OPTION11GREENLEFT.png | LEFTCHARACTERWIGS | https://drive.google.com/uc?export=view&id=1A2uzT5OAuyfhz2YvhOMB0SJ33I2Kok9R
OPTION12REDLEFT.png | LEFTCHARACTERWIGS | https://drive.google.com/uc?export=view&id=1BX4sxUfTeV2B0DznyN7MU87jjDqei4eR
OPTION11PINKLEFT.png | LEFTCHARACTERWIGS | https://drive.google.com/uc?export=view&id=1CO-a0xevdXsOAkjkhq1vcT05BMtSWFKo
OPTION12GREY_WHITELEFT.png | LEFTCHARACTERWIGS | https://drive.google.com/uc?export=view&id=1JGtqRSXEYnaXRAIhDwmvtW_AXGoSo_R3
OPTION12PURPLELEFT.png | LEFTCHARACTERWIGS | https://drive.google.com/uc?export=view&id=1WekY4ykN66vRAfbb8jzRSS8Q9-HjWD_T
OPTION11REDLEFT.png | LEFTCHARACTERWIGS | https://drive.google.com/uc?export=view&id=1XiZ8DOcV1Nyq3ZGW75LSXe8kfFKEPAwO
OPTION12GREENLEFT.png | LEFTCHARACTERWIGS | https://drive.google.com/uc?export=view&id=1_vbOXbqfgi5SGmiFiOv852DNi3FZ2ryy
OPTION12BLONDLEFT.png | LEFTCHARACTERWIGS | https://drive.google.com/uc?export=view&id=1eoFkfFB3LgrntznTF4QUlvPEmr7suuBT
OPTION12BLUELEFT.png | LEFTCHARACTERWIGS | https://drive.google.com/uc?export=view&id=1jVT9kYATQmKHZwWbAWrTRbmSGWStkz8Q
OPTION12BROWNLEFT.png | LEFTCHARACTERWIGS | https://drive.google.com/uc?export=view&id=1rN7nbCyTKx4buukTtXMULI-aM1l-O22f
OPTION12GINGERLEFT.png | LEFTCHARACTERWIGS | https://drive.google.com/uc?export=view&id=1rzQsiR_b0F-A8nKS-M6Xz35pprAsmB06
OPTION12BLACKLEFT.png | LEFTCHARACTERWIGS | https://drive.google.com/uc?export=view&id=1shnVWe4-DgGx0B9vhd9CHiYes85znIjF
OPTION12PINKLEFT.png | LEFTCHARACTERWIGS | https://drive.google.com/uc?export=view&id=1xYuB7GAAJoZnlbjyD1uizzOuIDYEGDt8
OPTION9REDLEFT.png | LEFTCHARACTERWIGS | https://drive.google.com/uc?export=view&id=13NaUYuA57Ui4dhyv-0jAuLSn_MEDtwRK
OPTION10GREENLEFT.png | LEFTCHARACTERWIGS | https://drive.google.com/uc?export=view&id=1HWJ5709LZEMX_yh4m0dSSy2v0ywO7kvB
OPTION11PURPLELEFT.png | LEFTCHARACTERWIGS | https://drive.google.com/uc?export=view&id=1Ufw4Ikt3zECnancMzUw0-3OTJ2hzcXt2
OPTION11BLACKLEFT.png | LEFTCHARACTERWIGS | https://drive.google.com/uc?export=view&id=1Uh6curqoraVsjnSRudcoPEBIQvRHwy5R
OPTION10BLUELEFT.png | LEFTCHARACTERWIGS | https://drive.google.com/uc?export=view&id=1kdY4YpMxZa1g59vda5sIoJuDZeiH60r1
OPTION10PINKLEFT.png | LEFTCHARACTERWIGS | https://drive.google.com/uc?export=view&id=108j67JyKG-yMxqzYFiXV_vXmj3NvDPk8
OPTION11GREY_WHITELEFT.png | LEFTCHARACTERWIGS | https://drive.google.com/uc?export=view&id=12NEsndc8PsLJ4RIZLwyJ71jJyDoEjzQw
OPTION10BROWNLEFT.png | LEFTCHARACTERWIGS | https://drive.google.com/uc?export=view&id=12mSTUvptjxgdxWsrHU0nPPJSsMiD_naO
OPTION10BLONDLEFT.png | LEFTCHARACTERWIGS | https://drive.google.com/uc?export=view&id=18M5Q5p9PaeEusbwa0-ivW5MV1JLxxz5M
OPTION10GREY_WHITELEFT.png | LEFTCHARACTERWIGS | https://drive.google.com/uc?export=view&id=1MX9DxnztATKdQhLK7vRBnKr_hIN0ej9V
OPTION11BROWNLEFT.png | LEFTCHARACTERWIGS | https://drive.google.com/uc?export=view&id=1P7sEafHd5reGZcWAb-ynBWhoYKmpQi02
OPTION10PURPLELEFT.png | LEFTCHARACTERWIGS | https://drive.google.com/uc?export=view&id=1eQnQsQRU152mP-Zc7hD1D39Wk2SWj3as
OPTION11BLONDLEFT.png | LEFTCHARACTERWIGS | https://drive.google.com/uc?export=view&id=1mD2WqSamap-4yE_WHgUcY-ZhCc4ACgCC
OPTION11GINGERLEFT.png | LEFTCHARACTERWIGS | https://drive.google.com/uc?export=view&id=1pkzS-CdG89-q2juK3EwBkudb3Aoqx7eP
OPTION10REDLEFT.png | LEFTCHARACTERWIGS | https://drive.google.com/uc?export=view&id=1ssqZ3qukY6Js7_PloNZ01O6dWbsobUbs
OPTION10GINGERLEFT.png | LEFTCHARACTERWIGS | https://drive.google.com/uc?export=view&id=1wc0brvo5COpagDj_OKWZA9NyRdpuqOTo
OPTION11BLUELEFT.png | LEFTCHARACTERWIGS | https://drive.google.com/uc?export=view&id=1yq9g-LKFPRJsitoGxklX17K80aGIL25m
OPTION10BLACKLEFT.png | LEFTCHARACTERWIGS | https://drive.google.com/uc?export=view&id=1zXk9MbuSk1X9mDZQ9NVOH61XV8qEWyhd
OPTION9BLONDLEFT.png | LEFTCHARACTERWIGS | https://drive.google.com/uc?export=view&id=11CSxcNYtDmU5J_utkqHReZyFqzSGmv9V
OPTION9BROWNLEFT.png | LEFTCHARACTERWIGS | https://drive.google.com/uc?export=view&id=1HXzpaDqvnLVKyOZPzV02EwOfOSyXXtGo
OPTION9PURPLELEFT.png | LEFTCHARACTERWIGS | https://drive.google.com/uc?export=view&id=1Kluov4EkJtgCfofFSql3Bjt_k3Ap75Ju
OPTION8GREENLEFT.png | LEFTCHARACTERWIGS | https://drive.google.com/uc?export=view&id=1NePHOs43iT3hw7HzZXaTItAuB6aIj88f
OPTION9BLACKLEFT.png | LEFTCHARACTERWIGS | https://drive.google.com/uc?export=view&id=1OhOQz-zRguXmGEFFENtaESg8gSVCXuOD
OPTION8GINGERLEFT.png | LEFTCHARACTERWIGS | https://drive.google.com/uc?export=view&id=1PDBtXC7Px8ZWh22Wxq4i05uWGI4U3qEX
OPTION8PINKLEFT.png | LEFTCHARACTERWIGS | https://drive.google.com/uc?export=view&id=1Vn90R6wff_XYBiJ-aPzXNgz4taVNUa6l
OPTION8BLACKLEFT.png | LEFTCHARACTERWIGS | https://drive.google.com/uc?export=view&id=1WPM5bsESmawHRSXrsdpuGVMsRYK-1bIp
OPTION9GREY_WHITELEFT.png | LEFTCHARACTERWIGS | https://drive.google.com/uc?export=view&id=1X4oMyG7bF_-RkKrUX77VP2IgH0LEcLMI
OPTION9GREENLEFT.png | LEFTCHARACTERWIGS | https://drive.google.com/uc?export=view&id=1b_4t6Y6NlKjx1yT0L8LbZBB8znpxfZ0O
OPTION9BLUELEFT.png | LEFTCHARACTERWIGS | https://drive.google.com/uc?export=view&id=1c65gm4sJe4l7zWoBR_z4a2p08pvWrJc7
OPTION8BLUELEFT.png | LEFTCHARACTERWIGS | https://drive.google.com/uc?export=view&id=1dwzAg6hcAouWdZm14lAXxB3-pnZ3uhWk
OPTION9GINGERLEFT.png | LEFTCHARACTERWIGS | https://drive.google.com/uc?export=view&id=1hRhNaFQx5zeBy24LBTX4tqr_LYTZQd8A
OPTION9PINKLEFT.png | LEFTCHARACTERWIGS | https://drive.google.com/uc?export=view&id=1i7DY4-Zem2YqfKPi34QOgPRvk1a2EweG
OPTION8REDLEFT.png | LEFTCHARACTERWIGS | https://drive.google.com/uc?export=view&id=1k6B4A-UES5dpfTvBwYCahJ3-axVmXSxu
OPTION8PURPLELEFT.png | LEFTCHARACTERWIGS | https://drive.google.com/uc?export=view&id=1wcXbSt91YgVC9QrYhzTuD4pMDJCiM9VD
OPTION6PURPLELEFT.png | LEFTCHARACTERWIGS | https://drive.google.com/uc?export=view&id=13X_L0cTMsyQCYzLjd71pPPabQ-4xUglv
OPTION7GREY_WHITELEFT.png | LEFTCHARACTERWIGS | https://drive.google.com/uc?export=view&id=15oOnJlL2-U8iJaXX-LMDdXQxZYilohpR
OPTION7PINKLEFT.png | LEFTCHARACTERWIGS | https://drive.google.com/uc?export=view&id=1BLIfqusV6AskjRkuvLuRwrCOsBH6uSPS
OPTION7PURPLELEFT.png | LEFTCHARACTERWIGS | https://drive.google.com/uc?export=view&id=1BOclbzR7vCBirb8jIRl2YKOJZ1jB71mN
OPTION7BLACKLEFT.png | LEFTCHARACTERWIGS | https://drive.google.com/uc?export=view&id=1BntiN53u_oDPQjocNpd6wn-jL6ePQWvz
OPTION7BROWNLEFT.png | LEFTCHARACTERWIGS | https://drive.google.com/uc?export=view&id=1CW2XPudyoOH8ofbDXIY7kBIpta9Okh_-
OPTION7REDLEFT.png | LEFTCHARACTERWIGS | https://drive.google.com/uc?export=view&id=1HzYVUUXW-y-fQFGaLsv-tktFdf6tZEXH
OPTION7GINGERLEFT.png | LEFTCHARACTERWIGS | https://drive.google.com/uc?export=view&id=1InP-kjtjG9TnSYIJCt52PN_XUuGws8S_
OPTION6PINKLEFT.png | LEFTCHARACTERWIGS | https://drive.google.com/uc?export=view&id=1SMrS-cD2L5-F3su1Z1ui4E5lFHDISg81
OPTION7BLONDLEFT.png | LEFTCHARACTERWIGS | https://drive.google.com/uc?export=view&id=1cFJlew1b9sXJ-rpNFBF6-JpthnvVWX93
OPTION7GREENLEFT.png | LEFTCHARACTERWIGS | https://drive.google.com/uc?export=view&id=1fNTUOb_73sxWU_5DwIdyq5oEgt6RmPWf
OPTION7BLUELEFT.png | LEFTCHARACTERWIGS | https://drive.google.com/uc?export=view&id=1gARBOkHgdwDeEd4W2FSGp82-i8rRPdi3
OPTION6REDLEFT.png | LEFTCHARACTERWIGS | https://drive.google.com/uc?export=view&id=1kT-Mp4T6HyXy71OcW-bhqw-_1c-aFUMk
OPTION6GREENLEFT.png | LEFTCHARACTERWIGS | https://drive.google.com/uc?export=view&id=1m_qjmCgM-QdcaEGAwnwEZCQwXpGSdiMW
OPTION8GREY_WHITELEFT.png | LEFTCHARACTERWIGS | https://drive.google.com/uc?export=view&id=1qWypBVIwYB2H7ecweCz1JyTvW7Fre1v1
OPTION6GINGERLEFT.png | LEFTCHARACTERWIGS | https://drive.google.com/uc?export=view&id=1s6pnf3-SHDOeA_YOeGYJLhPf-i64sPhH
OPTION8BROWNLEFT.png | LEFTCHARACTERWIGS | https://drive.google.com/uc?export=view&id=1s8iw3B7CCgcemlomlSA2W6Jx64j94u05
OPTION8BLONDLEFT.png | LEFTCHARACTERWIGS | https://drive.google.com/uc?export=view&id=1zNslIS6KFNrkAknFEzBkdOaKeejzuygT
OPTION6BLUELEFT.png | LEFTCHARACTERWIGS | https://drive.google.com/uc?export=view&id=1zckLDxEOYryhKE1B37oGV0A4f-DGmEiV
OPTION6BLONDLEFT.png | LEFTCHARACTERWIGS | https://drive.google.com/uc?export=view&id=10RBAT9FGZctJgpv5waJOSxy8nE1wmZXv
OPTION5BLONDLEFT.png | LEFTCHARACTERWIGS | https://drive.google.com/uc?export=view&id=10ZyMX33YCakQHRG0Vofti4sfhIDcsjgM
OPTION5BLUELEFT.png | LEFTCHARACTERWIGS | https://drive.google.com/uc?export=view&id=11aAhEhcrHTXyFn-ZB4vp4GyZ--ZPTGIA
OPTION6BROWNLEFT.png | LEFTCHARACTERWIGS | https://drive.google.com/uc?export=view&id=14xILItRZmfw5QMLyI_WrOF4eJxZBTJac
OPTION5GREENLEFT.png | LEFTCHARACTERWIGS | https://drive.google.com/uc?export=view&id=1EKH6SBzFCMTmzzFg42RMjfkM0pgxI_nm
OPTION5REDLEFT.png | LEFTCHARACTERWIGS | https://drive.google.com/uc?export=view&id=1Ebky00aFBxr2FHp0PkWlOyrsUDYnK3RJ
OPTION5BLACKLEFT.png | LEFTCHARACTERWIGS | https://drive.google.com/uc?export=view&id=1Fhu8Ni5-lrg5N__SU5YIa8p2vnZk2OMw
OPTION4PINKLEFT.png | LEFTCHARACTERWIGS | https://drive.google.com/uc?export=view&id=1J-Nl5efRBI1TMxGwgabcz-ys0fd3g52c
OPTION5GINGERLEFT.png | LEFTCHARACTERWIGS | https://drive.google.com/uc?export=view&id=1LzTf-75oHTy1m5Xbvjt5LzqPD1kF31d9
OPTION4REDLEFT.png | LEFTCHARACTERWIGS | https://drive.google.com/uc?export=view&id=1OCp6_yzyX8Di3WiOYmXsfHOjxOSGEXxX
OPTION5PINKLEFT.png | LEFTCHARACTERWIGS | https://drive.google.com/uc?export=view&id=1_1tTmVxW1YUTpuqa3ensJt_HH-32dBsg
OPTION6BLACKLEFT.png | LEFTCHARACTERWIGS | https://drive.google.com/uc?export=view&id=1dLFRA96ZwYT0vSFa4n0uk2cOcdXT-knH
OPTION6GREY_WHITELEFT.png | LEFTCHARACTERWIGS | https://drive.google.com/uc?export=view&id=1f1eY6qXFOgqSeb83t28FR9UpVIlo1dg7
OPTION5GREY_WHITELEFT.png | LEFTCHARACTERWIGS | https://drive.google.com/uc?export=view&id=1fPMo1DnSK7iq4d3g5AhG8EYEggCFEG76
OPTION5BROWNLEFT.png | LEFTCHARACTERWIGS | https://drive.google.com/uc?export=view&id=1kQu0_yECYlot5OO2E-xPxtN_5Ooyy8QY
OPTION5PURPLELEFT.png | LEFTCHARACTERWIGS | https://drive.google.com/uc?export=view&id=1vhGyX1TkpseEK-3w5I4DJfF7EDeVoRxu
OPTION3PURPLELEFT.png | LEFTCHARACTERWIGS | https://drive.google.com/uc?export=view&id=15SBU886c2rH4-YmtyJT0LWjQfFD6dUvk
OPTION3BLACKLEFT.png | LEFTCHARACTERWIGS | https://drive.google.com/uc?export=view&id=1ADkcEl_I1NWsU-T5rTxxsoiLcCx6lE04
OPTION3BROWNLEFT.png | LEFTCHARACTERWIGS | https://drive.google.com/uc?export=view&id=1CmbrszO_WhmiOtSpKJHTf_nv583EveDT
OPTION3BLUELEFT.png | LEFTCHARACTERWIGS | https://drive.google.com/uc?export=view&id=1DuhukJCl2pAACKx1xZkqwRWNB9MymXb6
OPTION4BLONDLEFT.png | LEFTCHARACTERWIGS | https://drive.google.com/uc?export=view&id=1IhAgbYHvZa4Y8_00GcIoxcKdGvxKhm1f
OPTION4BLACKLEFT.png | LEFTCHARACTERWIGS | https://drive.google.com/uc?export=view&id=1KL7LM93AOJ5LKzl2MH9LTafzXW16p_dS
OPTION3GREENLEFT.png | LEFTCHARACTERWIGS | https://drive.google.com/uc?export=view&id=1OBfWBRML5iXcKSHzkegj4naCKscDVhql
OPTION4GINGERLEFT.png | LEFTCHARACTERWIGS | https://drive.google.com/uc?export=view&id=1Pf883hbAsH_fRcNw9f2WhZE2_NxTAoR-
OPTION3GREY_WHITELEFT.png | LEFTCHARACTERWIGS | https://drive.google.com/uc?export=view&id=1QHjWRmPeOipxVpXyYVGuhW5nQuynwfLf
OPTION4GREENLEFT.png | LEFTCHARACTERWIGS | https://drive.google.com/uc?export=view&id=1QQ7JCuirysBFcdmORyItmLcqBjuMIIC7
OPTION3PINKLEFT.png | LEFTCHARACTERWIGS | https://drive.google.com/uc?export=view&id=1UtOpL4jWMrMUtAXXfRkf9Ua5Qupo9fJ1
OPTION3GINGERLEFT.png | LEFTCHARACTERWIGS | https://drive.google.com/uc?export=view&id=1gSu-DUVQaVg4ee4joYsGMtUaiSaEy9NH
OPTION4BLUELEFT.png | LEFTCHARACTERWIGS | https://drive.google.com/uc?export=view&id=1gl8BcKzb2UfZKNSbx6kTk9XZDDOgEo4w
OPTION4BROWNLEFT.png | LEFTCHARACTERWIGS | https://drive.google.com/uc?export=view&id=1iP4-grnqVUpfsiPcjrUiK4OUFhcaL5EV
OPTION4PURPLELEFT.png | LEFTCHARACTERWIGS | https://drive.google.com/uc?export=view&id=1li8i2y3ghcj_LE42K2NTPnQY_2sZFrD5
OPTION3REDLEFT.png | LEFTCHARACTERWIGS | https://drive.google.com/uc?export=view&id=1wKjET6uN_BH03acNImQd9kVUbExFQb-p
OPTION4GREY_WHITELEFT.png | LEFTCHARACTERWIGS | https://drive.google.com/uc?export=view&id=1yqgyOywwt_mV0BOjeB4sCYlw0Wd6TJyh
OPTION1GREENLEFT.png | LEFTCHARACTERWIGS | https://drive.google.com/uc?export=view&id=11Mt6A6iP1wsox8Nv5D2UQFEAAFCnr_kQ
OPTION1BROWNLEFT.png | LEFTCHARACTERWIGS | https://drive.google.com/uc?export=view&id=11_KA5DO5BY0k94EpTtqzuiq9M4XVD_x0
OPTION2PINKLEFT.png | LEFTCHARACTERWIGS | https://drive.google.com/uc?export=view&id=11rgbyKzJDuqB7a5UoD1WE3LVgW1A2o0f
OPTION1REDLEFT.png | LEFTCHARACTERWIGS | https://drive.google.com/uc?export=view&id=12_xkqLbM3eLC2KlqkWryohKz0zTObAt-
OPTION2PURPLELEFT.png | LEFTCHARACTERWIGS | https://drive.google.com/uc?export=view&id=145QEG6P1_Cadll1Fo2-2MjVcaKsCavKF
OPTION1BLUELEFT.png | LEFTCHARACTERWIGS | https://drive.google.com/uc?export=view&id=15m--zBp-htZLiOmY0ZTCDdpALGJgqi8b
OPTION2BLACKLEFT.png | LEFTCHARACTERWIGS | https://drive.google.com/uc?export=view&id=19EhcnLydHs968Fll0bG7cgmxWn1hAfEU
OPTION1BLACKLEFT.png | LEFTCHARACTERWIGS | https://drive.google.com/uc?export=view&id=1C30aNJ4HH9C0zacI1yfRixMcOtWjrGpO
OPTION2GREENLEFT.png | LEFTCHARACTERWIGS | https://drive.google.com/uc?export=view&id=1I_1HT9J79GmMJhnCxn1mZpwDQPGH18f2
OPTION1GREY_WHITELEFT.png | LEFTCHARACTERWIGS | https://drive.google.com/uc?export=view&id=1JcHzvyKBG7oVmOzlVFhHarRE7weL-CDH
OPTION2GREY_WHITELEFT.png | LEFTCHARACTERWIGS | https://drive.google.com/uc?export=view&id=1NCmlcWpxVMz3XYV-V2sjiU_Bjc3BI6k8
OPTION3BLONDLEFT.png | LEFTCHARACTERWIGS | https://drive.google.com/uc?export=view&id=1S2IyvdXeKZ-ISALHrpEWlbhfvGdf6KtS
OPTION2BROWNLEFT.png | LEFTCHARACTERWIGS | https://drive.google.com/uc?export=view&id=1TNT0L36xX33C3EiSU_-L3ssBJPnpZrJ2
OPTION2BLUELEFT.png | LEFTCHARACTERWIGS | https://drive.google.com/uc?export=view&id=1VCj9kn1kBQ2pCm7nLzXkBlkEwBmyTOgu
OPTION1PINKLEFT.png | LEFTCHARACTERWIGS | https://drive.google.com/uc?export=view&id=1bwoIN7eYk_m4SVbMKxZZEY_Pg_lldj0H
OPTION2REDLEFT.png | LEFTCHARACTERWIGS | https://drive.google.com/uc?export=view&id=1dcmdEluNk6ocUbCzrnlXnsUiE60gnJNo
OPTION1GINGERLEFT.png | LEFTCHARACTERWIGS | https://drive.google.com/uc?export=view&id=1ubnC3YHKTGqqFR0fpxXxjLWZ7KpXK4Bz
OPTION1PURPLELEFT.png | LEFTCHARACTERWIGS | https://drive.google.com/uc?export=view&id=1wFLJD_WDK1NYjTnO4ReCF_y7UuVsiNve
OPTION2GINGERLEFT.png | LEFTCHARACTERWIGS | https://drive.google.com/uc?export=view&id=1ww4dRPve-xhZA5FnGmWK0LPQVuLGknTX
OPTION1BLONDLEFT.png | LEFTCHARACTERWIGS | https://drive.google.com/uc?export=view&id=1WZ-TAIQVGpeVyNul2PEBB8AH-iTm4HCS
CARDBACKGROUNDOPTION14.png | CARDBACKGROUNDOPTIONS | https://drive.google.com/uc?export=view&id=1Dlh9HcUvlZgPCHjrVEyn71163TC3I3uC
CARDBACKGROUNDOPTION13.png | CARDBACKGROUNDOPTIONS | https://drive.google.com/uc?export=view&id=1Y30jha4uvzD0asbCwFabGcMVrOxDLEy2
CARDBACKGROUNDOPTION12.png | CARDBACKGROUNDOPTIONS | https://drive.google.com/uc?export=view&id=1Ln7vnT6oSrQl0FeT8N_APGRHv_7BbX49
CARDBACKGROUNDOPTION11.png | CARDBACKGROUNDOPTIONS | https://drive.google.com/uc?export=view&id=1rzhuM3wWxVLvQ3_63CxGlb2iMxvAT1VC
CARDBACKGROUNDOPTION3.png | CARDBACKGROUNDOPTIONS | https://drive.google.com/uc?export=view&id=1LUY0ZGpRxBLrHErqUy-y6SsZJ2gmyI7-
CARDBACKGROUNDOPTION5.png | CARDBACKGROUNDOPTIONS | https://drive.google.com/uc?export=view&id=1NJ1cAjvhlnuZA64t6WXjoin6K-4JRJ82
CARDBACKGROUNDOPTION6.png | CARDBACKGROUNDOPTIONS | https://drive.google.com/uc?export=view&id=1Ym0C3f4C1jcNEAtcyTPkvXT85uhQbiGs
CARDBACKGROUNDOPTION9.png | CARDBACKGROUNDOPTIONS | https://drive.google.com/uc?export=view&id=1htxImDavk636P7oAihNZ62AE-1LOLrF8
CARDBACKGROUNDOPTION10.png | CARDBACKGROUNDOPTIONS | https://drive.google.com/uc?export=view&id=1lWWjKwpFe0o3BYwXKfUp2KqJiMM7lUwc
CARDBACKGROUNDOPTION4.png | CARDBACKGROUNDOPTIONS | https://drive.google.com/uc?export=view&id=1m35EbZK5q3fMebNdoOrXqc-_4d5YgP0k
CARDBACKGROUNDOPTION7.png | CARDBACKGROUNDOPTIONS | https://drive.google.com/uc?export=view&id=1squRGzuiYQlrT-XdZ3ZamVo68NmRFqC0
CARDBACKGROUNDOPTION8.png | CARDBACKGROUNDOPTIONS | https://drive.google.com/uc?export=view&id=13V-drG42v2uwcvJJymmtdKj8Oz7gq8oR
CARDBACKGROUNDOPTION2.png | CARDBACKGROUNDOPTIONS | https://drive.google.com/uc?export=view&id=1bOHBe3vNudfcwCVGEU3IvdtKRu6QTU2Y
CARDBACKGROUNDOPTION1.png | CARDBACKGROUNDOPTIONS | https://drive.google.com/uc?export=view&id=1mb1RBlgGSLEACp-0cRZW5LSvub3m8Gm1
BLACKLEFTCharacterApparel35.png | LEFTCharacterApparel | https://drive.google.com/uc?export=view&id=1KLnry6TT_yyPp5YN437WlcMp2aiAixz4
WHITELEFTCharacterApparel35.png | LEFTCharacterApparel | https://drive.google.com/uc?export=view&id=1hudGUlE6daw_hsj7oQRbczyH9jEVqOib
BLACKLEFTCharacterApparel34.png | LEFTCharacterApparel | https://drive.google.com/uc?export=view&id=1z65G_2GFTxh2ksyLhBjInJeYTmQ1l_KG
WHITELEFTCharacterApparel34.png | LEFTCharacterApparel | https://drive.google.com/uc?export=view&id=1OehNjGHvivvPHRXtrrm9P8smiqCkj-PQ
WHITELEFTCharacterApparel28.png | LEFTCharacterApparel | https://drive.google.com/uc?export=view&id=18OMZ8t05VJEkxPE3fP6QOoVHhQQm17d3
BLACKLEFTCharacterApparel28.png | LEFTCharacterApparel | https://drive.google.com/uc?export=view&id=1ncXWcf1OSUxZ915ga93w-rr0yeHlhURA
BLACKLEFTCharacterApparel33.png | LEFTCharacterApparel | https://drive.google.com/uc?export=view&id=1nTzIvUTGW7Nl1fq1aSZFqFAyz8Xyn-1J
WHITELEFTCharacterApparel33.png | LEFTCharacterApparel | https://drive.google.com/uc?export=view&id=1obuhXhPvOp1r7ri4p2eHAivvKYx8E9u1
BLACKLEFTCharacterApparel32.png | LEFTCharacterApparel | https://drive.google.com/uc?export=view&id=1v14EjfU3mlcSgBtEr9UVeu0Qbqmvlqmr
WHITELEFTCharacterApparel32.png | LEFTCharacterApparel | https://drive.google.com/uc?export=view&id=1pQLFAX2PUslvFRcxSS5aI_TNuiCIxFYm
BLACKLEFTCharacterApparel31.png | LEFTCharacterApparel | https://drive.google.com/uc?export=view&id=1ZwfVWNZ7S0Egn3KTRFODtCKpPIWkwU0a
WHITELEFTCharacterApparel31.png | LEFTCharacterApparel | https://drive.google.com/uc?export=view&id=1MV8Px4Uoyths_ca7u1KsC7WdGaehs09V
BLACKLEFTCharacterApparel29.png | LEFTCharacterApparel | https://drive.google.com/uc?export=view&id=12wSe4XGTxHd0e0LuzEXyjgNCoBpVbxZ4
WHITELEFTCharacterApparel29.png | LEFTCharacterApparel | https://drive.google.com/uc?export=view&id=11biCw-G-DC4v-Lw8CiFJoee0aw-OCNGV
WHITELEFTCharacterApparel30.png | LEFTCharacterApparel | https://drive.google.com/uc?export=view&id=1wkfDgFBEPTlBPCo0gG1D104MDDRE-uIz
BLACKLEFTCharacterApparel30.png | LEFTCharacterApparel | https://drive.google.com/uc?export=view&id=1-C1Z4PGtr6f9xQBRZe5w3UhCJB9PPPM-
BLACKLEFTCharacterApparel16.png | LEFTCharacterApparel | https://drive.google.com/uc?export=view&id=1B-ZWhJqV0Kc-kEz83uvnC-cYwLMITS0h
BLACKLEFTCharacterApparel17.png | LEFTCharacterApparel | https://drive.google.com/uc?export=view&id=1Kwc2MenBJsdS4E0mN90vLJGv4TCdJlP6
BLACKLEFTCharacterApparel18.png | LEFTCharacterApparel | https://drive.google.com/uc?export=view&id=1VSfwUFeVp52AwhNy2pKDXs_29qmlgcaK
BLACKLEFTCharacterApparel19.png | LEFTCharacterApparel | https://drive.google.com/uc?export=view&id=1x09amHXh6eFleYubS5qZNKMs1e9zPQu8
BLACKLEFTCharacterApparel20.png | LEFTCharacterApparel | https://drive.google.com/uc?export=view&id=1o_GJZZ_WzcIN0gCRke_XSKfLsFWU6E7u
BLACKLEFTCharacterApparel21.png | LEFTCharacterApparel | https://drive.google.com/uc?export=view&id=1lgacNWNUid4cW5ieAQSfOiUaySfRywKR
BLACKLEFTCharacterApparel22.png | LEFTCharacterApparel | https://drive.google.com/uc?export=view&id=1nd15epsfWATDlGtbLoH2tSJpILy7zAHb
BLACKLEFTCharacterApparel23.png | LEFTCharacterApparel | https://drive.google.com/uc?export=view&id=1VA9DJZwVVLAC5BS8o0MX4prE0B-Snfg8
BLACKLEFTCharacterApparel24.png | LEFTCharacterApparel | https://drive.google.com/uc?export=view&id=1J5sTmuGFhcFKnp3tZJ1zWj8fkXkQZZw-
BLACKLEFTCharacterApparel25.png | LEFTCharacterApparel | https://drive.google.com/uc?export=view&id=1JlFgimc07PRdKtNlKtcoPhblQYB9K5jr
BLACKLEFTCharacterApparel26.png | LEFTCharacterApparel | https://drive.google.com/uc?export=view&id=1agIWLA_co7g4mNqWj-IEedP5dSlXZjtL
BLACKLEFTCharacterApparel27.png | LEFTCharacterApparel | https://drive.google.com/uc?export=view&id=1Z7TQmzqKg2mzH5L6Cu4ldANIBjp6Ilv1
WHITELEFTCharacterApparel16.png | LEFTCharacterApparel | https://drive.google.com/uc?export=view&id=1_9qABfHS5mOd8XS9nzkWmDHC6xffKmbL
WHITELEFTCharacterApparel17.png | LEFTCharacterApparel | https://drive.google.com/uc?export=view&id=1wm3-eVC_K5oolKL0aidk08vzyniSRvrL
WHITELEFTCharacterApparel18.png | LEFTCharacterApparel | https://drive.google.com/uc?export=view&id=1Davwl-ybA2KERE2LfD9isPFdzAYX8xKP
WHITELEFTCharacterApparel19.png | LEFTCharacterApparel | https://drive.google.com/uc?export=view&id=1ELSfNU1nyaFtz_OfI1SfbCPBWHVUNQi2
WHITELEFTCharacterApparel20.png | LEFTCharacterApparel | https://drive.google.com/uc?export=view&id=10NXSL96is3s6X0pJtbxop4SOeFETKVEn
WHITELEFTCharacterApparel21.png | LEFTCharacterApparel | https://drive.google.com/uc?export=view&id=1KdsTB0ndMyt7-1XyRoi3CUooz2SDPQX7
WHITELEFTCharacterApparel22.png | LEFTCharacterApparel | https://drive.google.com/uc?export=view&id=1bVKZBsCFwooY8XvCvgIzayLR3BJZaAxK
WHITELEFTCharacterApparel23.png | LEFTCharacterApparel | https://drive.google.com/uc?export=view&id=1tBWiVUG3rIFGaNMUws8sL4SCNpNFMgXA
WHITELEFTCharacterApparel24.png | LEFTCharacterApparel | https://drive.google.com/uc?export=view&id=1hqu6x3NjJw3_ScYc-C7r1aTDzS_WyYxy
WHITELEFTCharacterApparel25.png | LEFTCharacterApparel | https://drive.google.com/uc?export=view&id=1GRs-fc2x-ros5O4hsjxbr7cJMeW6ngUs
WHITELEFTCharacterApparel26.png | LEFTCharacterApparel | https://drive.google.com/uc?export=view&id=1Vr13H1yN8crXvsjG6NJX1r6tlMoYLGDl
WHITELEFTCharacterApparel27.png | LEFTCharacterApparel | https://drive.google.com/uc?export=view&id=1LkMEkdXKQeBeeh5UROdDQZ2HDjW36UlJ
BLACKLEFTCharacterApparel1.png | LEFTCharacterApparel | https://drive.google.com/uc?export=view&id=1jl495SxfrwBuBWFMKj4obu4c-FQqQzVf
BLACKLEFTCharacterApparel2.png | LEFTCharacterApparel | https://drive.google.com/uc?export=view&id=1QdY_5g9wuZp9QDxnCWVmd5HZcD04VVTr
BLACKLEFTCharacterApparel3.png | LEFTCharacterApparel | https://drive.google.com/uc?export=view&id=1r-HPqRXpxO6mCCFSCrqxXt8b7pKR2kye
BLACKLEFTCharacterApparel4.png | LEFTCharacterApparel | https://drive.google.com/uc?export=view&id=1jTchIVVDF1GCyFYi4yXo9pVxq1jHl-oE
BLACKLEFTCharacterApparel5.png | LEFTCharacterApparel | https://drive.google.com/uc?export=view&id=1iB9g7y9Ep4qTEdzsWL4fCs1QixEmLvY4
BLACKLEFTCharacterApparel6.png | LEFTCharacterApparel | https://drive.google.com/uc?export=view&id=1zm3b33COhYwgArIFvr31Ou3jtSwderDF
BLACKLEFTCharacterApparel7.png | LEFTCharacterApparel | https://drive.google.com/uc?export=view&id=17uaL31SLQwRbV60mBpkAdSGQlFOGgkXR
BLACKLEFTCharacterApparel8.png | LEFTCharacterApparel | https://drive.google.com/uc?export=view&id=1MIgjZ0417JKfDkgJz2AnjF6plxTqvINU
BLACKLEFTCharacterApparel9.png | LEFTCharacterApparel | https://drive.google.com/uc?export=view&id=1-ezH3gBLeWcwRLB104EMg_hHbF1fEaxW
BLACKLEFTCharacterApparel10.png | LEFTCharacterApparel | https://drive.google.com/uc?export=view&id=1vQc3eiV1F6yFC69uwT1cFyUNV2pjHxMe
BLACKLEFTCharacterApparel11.png | LEFTCharacterApparel | https://drive.google.com/uc?export=view&id=1GktvTt9hXvRESXqWa3xpTw54JCfpSDmF
BLACKLEFTCharacterApparel12.png | LEFTCharacterApparel | https://drive.google.com/uc?export=view&id=1br1nyvKhTsbFgyyS5hzSG9uGOzluk8OF
BLACKLEFTCharacterApparel13.png | LEFTCharacterApparel | https://drive.google.com/uc?export=view&id=1a0XvJ9RUmIAS09gmuvDtwaPdVH5Vlc6D
BLACKLEFTCharacterApparel14.png | LEFTCharacterApparel | https://drive.google.com/uc?export=view&id=197AAghDm85kD_zmEMNq9KA3DTq6ePKZt
BLACKLEFTCharacterApparel15.png | LEFTCharacterApparel | https://drive.google.com/uc?export=view&id=1hC-252_O2QLp_kchSSVlBz-MdfVRCfB3
WHITELEFTCharacterApparel1.png | LEFTCharacterApparel | https://drive.google.com/uc?export=view&id=1jcbC5LcDHCeUjHfp7WKneTtjmwNIcYsJ
WHITELEFTCharacterApparel2.png | LEFTCharacterApparel | https://drive.google.com/uc?export=view&id=15VbW8vBALJ2f4fGYRLl9zZ-k6OadE4uv
WHITELEFTCharacterApparel3.png | LEFTCharacterApparel | https://drive.google.com/uc?export=view&id=1cIVDO2ktsMxo9GBBvqZzHfFdqtiLG_o1
WHITELEFTCharacterApparel4.png | LEFTCharacterApparel | https://drive.google.com/uc?export=view&id=1q5srwwnEkNZe3lZc1Oub37OlP9EcLU4q
WHITELEFTCharacterApparel5.png | LEFTCharacterApparel | https://drive.google.com/uc?export=view&id=1tLVB3wCP0sEjDdiQnjZ_OdHxdgAms8vz
WHITELEFTCharacterApparel6.png | LEFTCharacterApparel | https://drive.google.com/uc?export=view&id=1B34SYKrOKi22Y9IIs12xqjqDbrWxPKKs
WHITELEFTCharacterApparel7.png | LEFTCharacterApparel | https://drive.google.com/uc?export=view&id=1GvfNh0auufT7o79NEmMUMsRgv3LQI7Bv
WHITELEFTCharacterApparel8.png | LEFTCharacterApparel | https://drive.google.com/uc?export=view&id=159btwG6ik6-6VUUpb8nknKZzR_pBPbQN
WHITELEFTCharacterApparel9.png | LEFTCharacterApparel | https://drive.google.com/uc?export=view&id=1Tvq7mbxxmxz6wY5WW-HBmtiNKUG7Ytkt
WHITELEFTCharacterApparel10.png | LEFTCharacterApparel | https://drive.google.com/uc?export=view&id=1xZIQDQgPls151-rC58uji-Nyngj6XqDo
WHITELEFTCharacterApparel11.png | LEFTCharacterApparel | https://drive.google.com/uc?export=view&id=1x8PhJ43GHfXAVfmVJwiy4fi_h5p5ltq2
WHITELEFTCharacterApparel12.png | LEFTCharacterApparel | https://drive.google.com/uc?export=view&id=1bJLJMNZ-569aLE5EDnth1_eG3POyZThs
WHITELEFTCharacterApparel13.png | LEFTCharacterApparel | https://drive.google.com/uc?export=view&id=1bVyZddyKWne9Os2xuTDY32ANyOSoc6kK
WHITELEFTCharacterApparel14.png | LEFTCharacterApparel | https://drive.google.com/uc?export=view&id=1DocVkp_YKNYeKZIPQ9RuMsDXmb2T_baz
WHITELEFTCharacterApparel15.png | LEFTCharacterApparel | https://drive.google.com/uc?export=view&id=1u8w2NUGFZWCUgBI5Dnd6txsm-8eXAvHb
POKEMON REAR8.png | REAR CARDS | https://drive.google.com/uc?export=view&id=1OhyK7w3i5Ais6MO6gPvrV1JuoeGKV1H_
POKEMON REAR9.png | REAR CARDS | https://drive.google.com/uc?export=view&id=1dbyN7uz_ntxvbfeI9WvF21NwtoECW4Z1
POKEMON REAR7.png | REAR CARDS | https://drive.google.com/uc?export=view&id=1iR0ziFp4lI9ek1ttaWoGa1___aOp7dwT
POKEMON REAR14.png | REAR CARDS | https://drive.google.com/uc?export=view&id=1hF7X3_-jeXW1_MizJuIKCPcaRBPo6JQS
POKEMON REAR10.png | REAR CARDS | https://drive.google.com/uc?export=view&id=1oKJilxp6DQUB3t8qn7cVOvcWnUbLtQa4
POKEMON REAR11.png | REAR CARDS | https://drive.google.com/uc?export=view&id=1w2aDuAinC2DmDteFDpcG_vMHXQb_N1bT
POKEMON REAR12.png | REAR CARDS | https://drive.google.com/uc?export=view&id=1gc4s2fYp2Dh3pK_IU5h1RjpFcIFE8aRb
POKEMON REAR6.png | REAR CARDS | https://drive.google.com/uc?export=view&id=1vVBQzAvSn3pdmYRRJe6Kh7nKknSkuNab
POKEMON REAR13.png | REAR CARDS | https://drive.google.com/uc?export=view&id=1xw1pYYeHmHWumzb7ngGGFIJJrUALVzgU
POKEMON REAR4.png | REAR CARDS | https://drive.google.com/uc?export=view&id=1lluu6RMo6VOYizam7dXJMy3IVQMAsRtK
POKEMON REAR5.png | REAR CARDS | https://drive.google.com/uc?export=view&id=1Z57YZsq8fbEZvG9dBsfXhIsO4Ozg9U4h
POKEMON REAR3.png | REAR CARDS | https://drive.google.com/uc?export=view&id=1HHTE0rb_PERAXYetWbNG_fgZ2UrG4vqt
POKEMON REAR2.png | REAR CARDS | https://drive.google.com/uc?export=view&id=1VEBL1qiTMr1NiwWAIPooCfveEZtHkus9
POKEMON REAR1.png | REAR CARDS | https://drive.google.com/uc?export=view&id=1f99NWNfuJ3RRPWHYgKNd3Zh2Iv161gCw